selection_date,rebalance_month,n_held,n_sold,n_bought,sells,buys,sells_labeled,buys_labeled,buys_industries,return_pct,traded_count,cum_nav_after
2010-04-01,2010-05-01,10,0,10,,600701-CN|002081-CN|600099-CN|000966-CN|000598-CN|002241-CN|600510-CN|600553-CN|600525-CN|600081-CN,,"600701-CN(?), 002081-CN(金螳螂), 600099-CN(林海股份), 000966-CN(长源电力), 000598-CN(兴蓉环境), 002241-CN(歌尔股份), 600510-CN(黑牡丹), 600553-CN(?), 600525-CN(长园集团), 600081-CN(东风科技)","?, 公用事业, 建筑装饰, 房地产, 汽车, 环保, 电力设备, 电子",-8.23,10,0.9177
2010-05-01,2010-06-01,10,9,9,600701-CN|002081-CN|600099-CN|000598-CN|002241-CN|600510-CN|600553-CN|600525-CN|600081-CN,002262-CN|002273-CN|600572-CN|600238-CN|600713-CN|600199-CN|600175-CN|603157-CN|002250-CN,"600701-CN(?), 002081-CN(金螳螂), 600099-CN(林海股份), 000598-CN(兴蓉环境), 002241-CN(歌尔股份), 600510-CN(黑牡丹), 600553-CN(?), 600525-CN(长园集团), 600081-CN(东风科技)","002262-CN(恩华药业), 002273-CN(水晶光电), 600572-CN(康恩贝), 600238-CN(海南椰岛), 600713-CN(南京医药), 600199-CN(金种子酒), 600175-CN(退市美都), 603157-CN(?), 002250-CN(联化科技)","?, 医药生物, 基础化工, 电子, 食品饮料",-13.86,9,0.79050678
2010-06-01,2010-07-01,10,8,8,002262-CN|600572-CN|600238-CN|000966-CN|600713-CN|600199-CN|600175-CN|603157-CN,002241-CN|600789-CN|000661-CN|600594-CN|002091-CN|600811-CN|600311-CN|000559-CN,"002262-CN(恩华药业), 600572-CN(康恩贝), 600238-CN(海南椰岛), 000966-CN(长源电力), 600713-CN(南京医药), 600199-CN(金种子酒), 600175-CN(退市美都), 603157-CN(?)","002241-CN(歌尔股份), 600789-CN(鲁抗医药), 000661-CN(长春高新), 600594-CN(益佰制药), 002091-CN(江苏国泰), 600811-CN(东方集团), 600311-CN(*ST荣华), 000559-CN(万向钱潮)","?, 医药生物, 商贸零售, 汽车, 电子",8.24,8,0.855644538672
2010-07-01,2010-08-01,10,8,8,600789-CN|002273-CN|000661-CN|600594-CN|002091-CN|600811-CN|600311-CN|000559-CN,002223-CN|000598-CN|002353-CN|601101-CN|600458-CN|002294-CN|600747-CN|002063-CN,"600789-CN(鲁抗医药), 002273-CN(水晶光电), 000661-CN(长春高新), 600594-CN(益佰制药), 002091-CN(江苏国泰), 600811-CN(东方集团), 600311-CN(*ST荣华), 000559-CN(万向钱潮)","002223-CN(鱼跃医疗), 000598-CN(兴蓉环境), 002353-CN(杰瑞股份), 601101-CN(昊华能源), 600458-CN(时代新材), 002294-CN(信立泰), 600747-CN(退市大控), 002063-CN(远光软件)","?, 医药生物, 机械设备, 煤炭, 环保, 计算机",7.32,8,0.9182777189027903
2010-08-01,2010-09-01,10,6,6,000598-CN|002241-CN|601101-CN|002294-CN|002250-CN|600747-CN,002880-CN|002081-CN|000596-CN|600468-CN|600990-CN|600809-CN,"000598-CN(兴蓉环境), 002241-CN(歌尔股份), 601101-CN(昊华能源), 002294-CN(信立泰), 002250-CN(联化科技), 600747-CN(退市大控)","002880-CN(卫光生物), 002081-CN(金螳螂), 000596-CN(古井贡酒), 600468-CN(百利电气), 600990-CN(四创电子), 600809-CN(山西汾酒)","医药生物, 国防军工, 建筑装饰, 电力设备, 食品饮料",20.95,6,1.1106569010129248
2010-09-01,2010-10-01,10,5,5,002081-CN|000596-CN|600468-CN|600990-CN|600809-CN,600354-CN|600815-CN|002250-CN|600705-CN|600723-CN,"002081-CN(金螳螂), 000596-CN(古井贡酒), 600468-CN(百利电气), 600990-CN(四创电子), 600809-CN(山西汾酒)","600354-CN(敦煌种业), 600815-CN(厦工股份), 002250-CN(联化科技), 600705-CN(中航产融), 600723-CN(首商股份)","?, 农林牧渔, 基础化工, 机械设备",8.63,5,1.2065065915703403
2010-10-01,2010-11-01,10,7,7,002880-CN|002223-CN|002063-CN|600815-CN|600458-CN|600705-CN|600723-CN,600462-CN|600773-CN|002241-CN|600990-CN|600363-CN|600980-CN|600199-CN,"002880-CN(卫光生物), 002223-CN(鱼跃医疗), 002063-CN(远光软件), 600815-CN(厦工股份), 600458-CN(时代新材), 600705-CN(中航产融), 600723-CN(首商股份)","600462-CN(ST九有), 600773-CN(西藏城投), 002241-CN(歌尔股份), 600990-CN(四创电子), 600363-CN(联创光电), 600980-CN(北矿科技), 600199-CN(金种子酒)","?, 国防军工, 房地产, 机械设备, 电子, 食品饮料",0.58,7,1.2135043298014483
2010-11-01,2010-12-01,10,8,8,002353-CN|600462-CN|002250-CN|600990-CN|600363-CN|600980-CN|600199-CN|600354-CN,002078-CN|600760-CN|600995-CN|600459-CN|600367-CN|000050-CN|600458-CN|002064-CN,"002353-CN(杰瑞股份), 600462-CN(ST九有), 002250-CN(联化科技), 600990-CN(四创电子), 600363-CN(联创光电), 600980-CN(北矿科技), 600199-CN(金种子酒), 600354-CN(敦煌种业)","002078-CN(太阳纸业), 600760-CN(中航沈飞), 600995-CN(文山电力), 600459-CN(贵研铂业), 600367-CN(红星发展), 000050-CN(深天马A), 600458-CN(时代新材), 002064-CN(华峰化学)","公用事业, 国防军工, 基础化工, 有色金属, 机械设备, 电子, 轻工制造",5.09,8,1.275271700188342
2010-12-01,2011-01-01,10,10,10,002241-CN|002078-CN|600760-CN|600995-CN|600459-CN|600773-CN|600367-CN|000050-CN|600458-CN|002064-CN,600360-CN|002236-CN|600131-CN|002223-CN|600719-CN|600238-CN|600587-CN|600712-CN|600560-CN|600257-CN,"002241-CN(歌尔股份), 002078-CN(太阳纸业), 600760-CN(中航沈飞), 600995-CN(文山电力), 600459-CN(贵研铂业), 600773-CN(西藏城投), 600367-CN(红星发展), 000050-CN(深天马A), 600458-CN(时代新材), 002064-CN(华峰化学)","600360-CN(华微电子), 002236-CN(大华股份), 600131-CN(国网信通), 002223-CN(鱼跃医疗), 600719-CN(ST热电), 600238-CN(海南椰岛), 600587-CN(新华医疗), 600712-CN(南宁百货), 600560-CN(金自天正), 600257-CN(大湖股份)","公用事业, 农林牧渔, 医药生物, 商贸零售, 机械设备, 电子, 计算机, 食品饮料",-7.98,10,1.1735050185133122
2011-01-01,2011-02-01,10,10,10,600360-CN|002236-CN|600131-CN|002223-CN|600719-CN|600238-CN|600587-CN|600712-CN|600560-CN|600257-CN,600530-CN|600080-CN|600561-CN|600310-CN|600439-CN|600871-CN|002414-CN|002353-CN|600979-CN|600387-CN,"600360-CN(华微电子), 002236-CN(大华股份), 600131-CN(国网信通), 002223-CN(鱼跃医疗), 600719-CN(ST热电), 600238-CN(海南椰岛), 600587-CN(新华医疗), 600712-CN(南宁百货), 600560-CN(金自天正), 600257-CN(大湖股份)","600530-CN(交大昂立), 600080-CN(ST金花), 600561-CN(江西长运), 600310-CN(桂东电力), 600439-CN(瑞贝卡), 600871-CN(石化油服), 002414-CN(高德红外), 002353-CN(杰瑞股份), 600979-CN(广安爱众), 600387-CN(ST海越)","?, 交通运输, 公用事业, 医药生物, 国防军工, 机械设备, 石油石化, 纺织服饰, 食品饮料",8.75,10,1.276186707633227
2011-02-01,2011-03-01,10,8,8,600530-CN|600080-CN|600561-CN|600310-CN|600439-CN|002414-CN|002353-CN|600387-CN,600490-CN|600685-CN|600982-CN|002182-CN|000700-CN|002444-CN|002126-CN|600215-CN,"600530-CN(交大昂立), 600080-CN(ST金花), 600561-CN(江西长运), 600310-CN(桂东电力), 600439-CN(瑞贝卡), 002414-CN(高德红外), 002353-CN(杰瑞股份), 600387-CN(ST海越)","600490-CN(鹏欣资源), 600685-CN(中船防务), 600982-CN(宁波能源), 002182-CN(云海金属), 000700-CN(模塑科技), 002444-CN(巨星科技), 002126-CN(银轮股份), 600215-CN(派斯林)","公用事业, 国防军工, 有色金属, 机械设备, 汽车",-3.82,8,1.2274363754016377
2011-03-01,2011-04-01,10,6,6,600685-CN|600871-CN|002444-CN|600979-CN|002126-CN|600215-CN,600207-CN|600108-CN|300124-CN|002060-CN|600873-CN|600869-CN,"600685-CN(中船防务), 600871-CN(石化油服), 002444-CN(巨星科技), 600979-CN(广安爱众), 002126-CN(银轮股份), 600215-CN(派斯林)","600207-CN(安彩高科), 600108-CN(亚盛集团), 300124-CN(汇川技术), 002060-CN(粤水电), 600873-CN(梅花生物), 600869-CN(远东股份)","公用事业, 农林牧渔, 基础化工, 机械设备, 电力设备",5.97,6,1.3007143270131156
2011-04-01,2011-05-01,10,8,8,600490-CN|000700-CN|300124-CN|002060-CN|600873-CN|002182-CN|600982-CN|600869-CN,600493-CN|600667-CN|600131-CN|600652-CN|002506-CN|600979-CN|002180-CN|600677-CN,"600490-CN(鹏欣资源), 000700-CN(模塑科技), 300124-CN(汇川技术), 002060-CN(粤水电), 600873-CN(梅花生物), 002182-CN(云海金属), 600982-CN(宁波能源), 600869-CN(远东股份)","600493-CN(凤竹纺织), 600667-CN(太极实业), 600131-CN(国网信通), 600652-CN(退市游久), 002506-CN(协鑫集成), 600979-CN(广安爱众), 002180-CN(纳思达), 600677-CN(*ST航通)","?, 公用事业, 建筑装饰, 电力设备, 纺织服饰, 计算机",-8.34,8,1.1922347521402217
2011-05-01,2011-06-01,10,7,7,600493-CN|600667-CN|600131-CN|600652-CN|002506-CN|600108-CN|600677-CN,600408-CN|600505-CN|600579-CN|600490-CN|000801-CN|002880-CN|600794-CN,"600493-CN(凤竹纺织), 600667-CN(太极实业), 600131-CN(国网信通), 600652-CN(退市游久), 002506-CN(协鑫集成), 600108-CN(亚盛集团), 600677-CN(*ST航通)","600408-CN(安泰集团), 600505-CN(西昌电力), 600579-CN(克劳斯), 600490-CN(鹏欣资源), 000801-CN(四川九洲), 002880-CN(卫光生物), 600794-CN(保税科技)","交通运输, 公用事业, 医药生物, 家用电器, 有色金属, 机械设备, 煤炭",5.02,7,1.2520849366976607
2011-06-01,2011-07-01,10,7,7,600207-CN|600579-CN|002180-CN|600979-CN|000801-CN|002880-CN|600794-CN,600682-CN|600131-CN|601216-CN|600684-CN|600212-CN|600882-CN|600876-CN,"600207-CN(安彩高科), 600579-CN(克劳斯), 002180-CN(纳思达), 600979-CN(广安爱众), 000801-CN(四川九洲), 002880-CN(卫光生物), 600794-CN(保税科技)","600682-CN(南京新百), 600131-CN(国网信通), 601216-CN(君正集团), 600684-CN(珠江股份), 600212-CN(绿能慧充), 600882-CN(妙可蓝多), 600876-CN(洛阳玻璃)","基础化工, 建筑材料, 房地产, 电力设备, 综合, 计算机, 食品饮料",3.71,7,1.298537287849144
2011-07-01,2011-08-01,10,7,7,600505-CN|600408-CN|600131-CN|601216-CN|600212-CN|600882-CN|600876-CN,600519-CN|600319-CN|000902-CN|001896-CN|600811-CN|002880-CN|601008-CN,"600505-CN(西昌电力), 600408-CN(安泰集团), 600131-CN(国网信通), 601216-CN(君正集团), 600212-CN(绿能慧充), 600882-CN(妙可蓝多), 600876-CN(洛阳玻璃)","600519-CN(贵州茅台), 600319-CN(亚星化学), 000902-CN(新洋丰), 001896-CN(豫能控股), 600811-CN(东方集团), 002880-CN(卫光生物), 601008-CN(连云港)","?, 交通运输, 公用事业, 医药生物, 基础化工, 食品饮料",-2.7,7,1.263476781077217
2011-08-01,2011-09-01,10,6,6,600519-CN|000902-CN|001896-CN|600811-CN|002880-CN|601008-CN,000975-CN|600802-CN|600591-CN|600857-CN|600783-CN|600810-CN,"600519-CN(贵州茅台), 000902-CN(新洋丰), 001896-CN(豫能控股), 600811-CN(东方集团), 002880-CN(卫光生物), 601008-CN(连云港)","000975-CN(银泰黄金), 600802-CN(福建水泥), 600591-CN(?), 600857-CN(宁波中百), 600783-CN(鲁信创投), 600810-CN(神马股份)","?, 商贸零售, 基础化工, 建筑材料, 有色金属, 机械设备",-22.07,6,0.9846274554934752
2011-09-01,2011-10-01,10,8,8,600319-CN|000975-CN|600684-CN|600802-CN|600857-CN|600682-CN|600783-CN|600810-CN,600600-CN|000750-CN|600212-CN|600238-CN|002311-CN|600267-CN|002236-CN|300124-CN,"600319-CN(亚星化学), 000975-CN(银泰黄金), 600684-CN(珠江股份), 600802-CN(福建水泥), 600857-CN(宁波中百), 600682-CN(南京新百), 600783-CN(鲁信创投), 600810-CN(神马股份)","600600-CN(青岛啤酒), 000750-CN(国海证券), 600212-CN(绿能慧充), 600238-CN(海南椰岛), 002311-CN(海大集团), 600267-CN(海正药业), 002236-CN(大华股份), 300124-CN(汇川技术)","农林牧渔, 医药生物, 机械设备, 电力设备, 计算机, 非银金融, 食品饮料",2.11,8,1.0054030948043875
2011-10-01,2011-11-01,10,8,8,600600-CN|600212-CN|600591-CN|600238-CN|002311-CN|600267-CN|002236-CN|300124-CN,600293-CN|600604-CN|600519-CN|600575-CN|600579-CN|600844-CN|600780-CN|000563-CN,"600600-CN(青岛啤酒), 600212-CN(绿能慧充), 600591-CN(?), 600238-CN(海南椰岛), 002311-CN(海大集团), 600267-CN(海正药业), 002236-CN(大华股份), 300124-CN(汇川技术)","600293-CN(三峡新材), 600604-CN(市北高新), 600519-CN(贵州茅台), 600575-CN(淮河能源), 600579-CN(克劳斯), 600844-CN(丹化科技), 600780-CN(通宝能源), 000563-CN(陕国投A)","公用事业, 基础化工, 建筑材料, 房地产, 机械设备, 煤炭, 非银金融, 食品饮料",-4.79,8,0.9572442865632573
2011-11-01,2011-12-01,10,6,6,600293-CN|600579-CN|000750-CN|600844-CN|600780-CN|000563-CN,600615-CN|002601-CN|600807-CN|300146-CN|002304-CN|002311-CN,"600293-CN(三峡新材), 600579-CN(克劳斯), 000750-CN(国海证券), 600844-CN(丹化科技), 600780-CN(通宝能源), 000563-CN(陕国投A)","600615-CN(丰华股份), 002601-CN(龙佰集团), 600807-CN(济南高新), 300146-CN(汤臣倍健), 002304-CN(洋河股份), 002311-CN(海大集团)","农林牧渔, 医药生物, 基础化工, 有色金属, 食品饮料",-9.12,6,0.8699436076286883
2011-12-01,2012-01-01,10,5,5,600615-CN|600575-CN|600807-CN|600490-CN|002304-CN,300257-CN|600763-CN|600844-CN|600887-CN|600817-CN,"600615-CN(丰华股份), 600575-CN(淮河能源), 600807-CN(济南高新), 600490-CN(鹏欣资源), 002304-CN(洋河股份)","300257-CN(开山股份), 600763-CN(通策医疗), 600844-CN(丹化科技), 600887-CN(伊利股份), 600817-CN(宇通重工)","医药生物, 基础化工, 机械设备, 环保, 食品饮料",0.31,5,0.8726404328123373
2012-01-01,2012-02-01,10,4,4,300257-CN|002311-CN|600844-CN|600887-CN,600634-CN|600455-CN|600138-CN|002880-CN,"300257-CN(开山股份), 002311-CN(海大集团), 600844-CN(丹化科技), 600887-CN(伊利股份)","600634-CN(退市富控), 600455-CN(博通股份), 600138-CN(XD中青旅), 002880-CN(卫光生物)","?, 医药生物, 社会服务, 计算机",4.0,4,0.9075460501248308
2012-02-01,2012-03-01,10,8,8,600519-CN|002601-CN|600604-CN|600634-CN|600138-CN|002880-CN|300146-CN|600763-CN,601009-CN|600678-CN|600857-CN|600850-CN|001979-CN|601288-CN|601258-CN|600795-CN,"600519-CN(贵州茅台), 002601-CN(龙佰集团), 600604-CN(市北高新), 600634-CN(退市富控), 600138-CN(XD中青旅), 002880-CN(卫光生物), 300146-CN(汤臣倍健), 600763-CN(通策医疗)","601009-CN(南京银行), 600678-CN(四川金顶), 600857-CN(宁波中百), 600850-CN(电科数字), 001979-CN(招商蛇口), 601288-CN(农业银行), 601258-CN(庞大集团), 600795-CN(国电电力)","?, 公用事业, 商贸零售, 建筑材料, 房地产, 计算机, 银行",0.0,8,0.9075460501248308
2012-03-01,2012-04-01,10,4,4,600817-CN|600455-CN|600678-CN|600795-CN,600175-CN|601669-CN|601398-CN|002880-CN,"600817-CN(宇通重工), 600455-CN(博通股份), 600678-CN(四川金顶), 600795-CN(国电电力)","600175-CN(退市美都), 601669-CN(中国电建), 601398-CN(工商银行), 002880-CN(卫光生物)","?, 医药生物, 建筑装饰, 银行",24.79,4,1.1325267159507764
2012-04-01,2012-05-01,10,7,7,600175-CN|601669-CN|601009-CN|601398-CN|601288-CN|601258-CN|002880-CN,600645-CN|600616-CN|600138-CN|600123-CN|300146-CN|601928-CN|600578-CN,"600175-CN(退市美都), 601669-CN(中国电建), 601009-CN(南京银行), 601398-CN(工商银行), 601288-CN(农业银行), 601258-CN(庞大集团), 002880-CN(卫光生物)","600645-CN(中源协和), 600616-CN(金枫酒业), 600138-CN(XD中青旅), 600123-CN(兰花科创), 300146-CN(汤臣倍健), 601928-CN(凤凰传媒), 600578-CN(京能电力)","传媒, 公用事业, 医药生物, 煤炭, 社会服务, 食品饮料",0.5,7,1.1381893495305302
2012-05-01,2012-06-01,10,3,3,601928-CN|600578-CN|600857-CN,600163-CN|600519-CN|000750-CN,"601928-CN(凤凰传媒), 600578-CN(京能电力), 600857-CN(宁波中百)","600163-CN(中闽能源), 600519-CN(贵州茅台), 000750-CN(国海证券)","公用事业, 非银金融, 食品饮料",-7.45,3,1.0533942429905057
2012-06-01,2012-07-01,10,7,7,600163-CN|600138-CN|600123-CN|600645-CN|000750-CN|600850-CN|300146-CN,600098-CN|600190-CN|600543-CN|600811-CN|603157-CN|601139-CN|002311-CN,"600163-CN(中闽能源), 600138-CN(XD中青旅), 600123-CN(兰花科创), 600645-CN(中源协和), 000750-CN(国海证券), 600850-CN(电科数字), 300146-CN(汤臣倍健)","600098-CN(广州发展), 600190-CN(锦州港), 600543-CN(莫高股份), 600811-CN(东方集团), 603157-CN(?), 601139-CN(深圳燃气), 002311-CN(海大集团)","?, 公用事业, 农林牧渔, 食品饮料",-13.4,7,0.9122394144297779
2012-07-01,2012-08-01,10,8,8,600519-CN|600098-CN|600190-CN|600543-CN|600811-CN|603157-CN|601139-CN|002311-CN,600600-CN|600594-CN|000750-CN|600276-CN|600420-CN|300146-CN|002353-CN|601238-CN,"600519-CN(贵州茅台), 600098-CN(广州发展), 600190-CN(锦州港), 600543-CN(莫高股份), 600811-CN(东方集团), 603157-CN(?), 601139-CN(深圳燃气), 002311-CN(海大集团)","600600-CN(青岛啤酒), 600594-CN(益佰制药), 000750-CN(国海证券), 600276-CN(恒瑞医药), 600420-CN(国药现代), 300146-CN(汤臣倍健), 002353-CN(杰瑞股份), 601238-CN(广汽集团)","医药生物, 机械设备, 汽车, 非银金融, 食品饮料",-2.77,8,0.8869703826500731
2012-08-01,2012-09-01,10,6,6,600600-CN|600616-CN|000750-CN|001979-CN|002353-CN|601238-CN,600138-CN|600396-CN|600277-CN|300005-CN|002250-CN|002311-CN,"600600-CN(青岛啤酒), 600616-CN(金枫酒业), 000750-CN(国海证券), 001979-CN(招商蛇口), 002353-CN(杰瑞股份), 601238-CN(广汽集团)","600138-CN(XD中青旅), 600396-CN(金山股份), 600277-CN(亿利洁能), 300005-CN(探路者), 002250-CN(联化科技), 002311-CN(海大集团)","?, 公用事业, 农林牧渔, 基础化工, 社会服务, 纺织服饰",0.58,6,0.8921148108694436
2012-09-01,2012-10-01,10,6,6,600138-CN|600396-CN|300005-CN|300146-CN|600420-CN|002311-CN,600535-CN|603000-CN|600552-CN|002063-CN|002415-CN|002673-CN,"600138-CN(XD中青旅), 600396-CN(金山股份), 300005-CN(探路者), 300146-CN(汤臣倍健), 600420-CN(国药现代), 002311-CN(海大集团)","600535-CN(天士力), 603000-CN(人民网), 600552-CN(凯盛科技), 002063-CN(远光软件), 002415-CN(海康威视), 002673-CN(西部证券)","传媒, 医药生物, 电子, 计算机, 非银金融",1.43,6,0.9048720526648766
2012-10-01,2012-11-01,10,3,3,002063-CN|002415-CN|002673-CN,600315-CN|002273-CN|600723-CN,"002063-CN(远光软件), 002415-CN(海康威视), 002673-CN(西部证券)","600315-CN(上海家化), 002273-CN(水晶光电), 600723-CN(首商股份)","?, 电子, 美容护理",-6.03,3,0.8503082678891845
2012-11-01,2012-12-01,10,5,5,600315-CN|600594-CN|002273-CN|600277-CN|600723-CN,600587-CN|600553-CN|300024-CN|002138-CN|002415-CN,"600315-CN(上海家化), 600594-CN(益佰制药), 002273-CN(水晶光电), 600277-CN(亿利洁能), 600723-CN(首商股份)","600587-CN(新华医疗), 600553-CN(?), 300024-CN(机器人), 002138-CN(顺络电子), 002415-CN(海康威视)","?, 医药生物, 机械设备, 电子, 计算机",15.78,5,0.9844869125620977
2012-12-01,2013-01-01,10,9,9,600552-CN|600587-CN|600276-CN|603000-CN|600553-CN|300024-CN|002250-CN|002138-CN|002415-CN,600315-CN|600490-CN|600108-CN|600149-CN|600677-CN|000513-CN|002294-CN|601139-CN|000651-CN,"600552-CN(凯盛科技), 600587-CN(新华医疗), 600276-CN(恒瑞医药), 603000-CN(人民网), 600553-CN(?), 300024-CN(机器人), 002250-CN(联化科技), 002138-CN(顺络电子), 002415-CN(海康威视)","600315-CN(上海家化), 600490-CN(鹏欣资源), 600108-CN(亚盛集团), 600149-CN(廊坊发展), 600677-CN(*ST航通), 000513-CN(丽珠集团), 002294-CN(信立泰), 601139-CN(深圳燃气), 000651-CN(格力电器)","?, 公用事业, 农林牧渔, 医药生物, 家用电器, 有色金属, 美容护理",8.87,9,1.0718109017063557
2013-01-01,2013-02-01,10,4,4,600108-CN|002294-CN|601139-CN|000651-CN,601877-CN|000400-CN|000921-CN|002421-CN,"600108-CN(亚盛集团), 002294-CN(信立泰), 601139-CN(深圳燃气), 000651-CN(格力电器)","601877-CN(正泰电器), 000400-CN(许继电气), 000921-CN(海信家电), 002421-CN(达实智能)","家用电器, 电力设备, 计算机",10.69,4,1.1863874870987652
2013-02-01,2013-03-01,10,8,8,600490-CN|600315-CN|600149-CN|600535-CN|600677-CN|601877-CN|000400-CN|000513-CN,201872-CN|002294-CN|600237-CN|001979-CN|600748-CN|300257-CN|600805-CN|601139-CN,"600490-CN(鹏欣资源), 600315-CN(上海家化), 600149-CN(廊坊发展), 600535-CN(天士力), 600677-CN(*ST航通), 601877-CN(正泰电器), 000400-CN(许继电气), 000513-CN(丽珠集团)","201872-CN(招港B), 002294-CN(信立泰), 600237-CN(铜峰电子), 001979-CN(招商蛇口), 600748-CN(上实发展), 300257-CN(开山股份), 600805-CN(悦达投资), 601139-CN(深圳燃气)","?, 公用事业, 医药生物, 房地产, 机械设备, 电子, 综合",1.35,8,1.2024037181745986
2013-03-01,2013-04-01,10,7,7,000921-CN|002294-CN|600237-CN|001979-CN|600748-CN|600805-CN|601139-CN,600587-CN|600507-CN|000552-CN|002508-CN|300054-CN|600175-CN|600990-CN,"000921-CN(海信家电), 002294-CN(信立泰), 600237-CN(铜峰电子), 001979-CN(招商蛇口), 600748-CN(上实发展), 600805-CN(悦达投资), 601139-CN(深圳燃气)","600587-CN(新华医疗), 600507-CN(方大特钢), 000552-CN(靖远煤电), 002508-CN(老板电器), 300054-CN(鼎龙股份), 600175-CN(退市美都), 600990-CN(四创电子)","?, 医药生物, 国防军工, 家用电器, 煤炭, 电子, 钢铁",1.34,7,1.2185159279981383
2013-04-01,2013-05-01,10,7,7,600507-CN|201872-CN|000552-CN|002421-CN|002508-CN|600175-CN|300257-CN,600222-CN|600552-CN|000681-CN|600553-CN|000977-CN|600864-CN|600798-CN,"600507-CN(方大特钢), 201872-CN(招港B), 000552-CN(靖远煤电), 002421-CN(达实智能), 002508-CN(老板电器), 600175-CN(退市美都), 300257-CN(开山股份)","600222-CN(太龙药业), 600552-CN(凯盛科技), 000681-CN(视觉中国), 600553-CN(?), 000977-CN(浪潮信息), 600864-CN(哈投股份), 600798-CN(宁波海运)","?, 交通运输, 传媒, 医药生物, 电子, 计算机, 非银金融",15.39,7,1.4060455293170517
2013-05-01,2013-06-01,10,9,9,600222-CN|600587-CN|600990-CN|000681-CN|600553-CN|300054-CN|000977-CN|600864-CN|600798-CN,600692-CN|300009-CN|600691-CN|002508-CN|000553-CN|002595-CN|600600-CN|300263-CN|002170-CN,"600222-CN(太龙药业), 600587-CN(新华医疗), 600990-CN(四创电子), 000681-CN(视觉中国), 600553-CN(?), 300054-CN(鼎龙股份), 000977-CN(浪潮信息), 600864-CN(哈投股份), 600798-CN(宁波海运)","600692-CN(亚通股份), 300009-CN(安科生物), 600691-CN(阳煤化工), 002508-CN(老板电器), 000553-CN(安道麦A), 002595-CN(豪迈科技), 600600-CN(青岛啤酒), 300263-CN(隆华科技), 002170-CN(芭田股份)","医药生物, 基础化工, 家用电器, 房地产, 机械设备, 食品饮料",-19.16,9,1.1366472058999046
2013-06-01,2013-07-01,10,10,10,600692-CN|300009-CN|600691-CN|600552-CN|002508-CN|000553-CN|002595-CN|600600-CN|300263-CN|002170-CN,600561-CN|600587-CN|600651-CN|600730-CN|600860-CN|600771-CN|600220-CN|600775-CN|002348-CN|002266-CN,"600692-CN(亚通股份), 300009-CN(安科生物), 600691-CN(阳煤化工), 600552-CN(凯盛科技), 002508-CN(老板电器), 000553-CN(安道麦A), 002595-CN(豪迈科技), 600600-CN(青岛啤酒), 300263-CN(隆华科技), 002170-CN(芭田股份)","600561-CN(江西长运), 600587-CN(新华医疗), 600651-CN(飞乐音响), 600730-CN(中国高科), 600860-CN(京城股份), 600771-CN(广誉远), 600220-CN(江苏阳光), 600775-CN(南京熊猫), 002348-CN(高乐股份), 002266-CN(浙富控股)","?, 交通运输, 医药生物, 机械设备, 汽车, 环保, 社会服务, 轻工制造, 通信",9.55,10,1.2451970140633455
2013-07-01,2013-08-01,10,8,8,600651-CN|600730-CN|600860-CN|600771-CN|600220-CN|600775-CN|002348-CN|002266-CN,600680-CN|600518-CN|300244-CN|600190-CN|600688-CN|300124-CN|300257-CN|600983-CN,"600651-CN(飞乐音响), 600730-CN(中国高科), 600860-CN(京城股份), 600771-CN(广誉远), 600220-CN(江苏阳光), 600775-CN(南京熊猫), 002348-CN(高乐股份), 002266-CN(浙富控股)","600680-CN(?), 600518-CN(ST康美), 300244-CN(迪安诊断), 600190-CN(锦州港), 600688-CN(上海石化), 300124-CN(汇川技术), 300257-CN(开山股份), 600983-CN(惠而浦)","?, 医药生物, 家用电器, 机械设备, 石油石化",9.22,8,1.360004178759986
2013-08-01,2013-09-01,10,9,9,600587-CN|600680-CN|600518-CN|300244-CN|600190-CN|600688-CN|300124-CN|300257-CN|600983-CN,600652-CN|002508-CN|002426-CN|002690-CN|002653-CN|600222-CN|600967-CN|600845-CN|600206-CN,"600587-CN(新华医疗), 600680-CN(?), 600518-CN(ST康美), 300244-CN(迪安诊断), 600190-CN(锦州港), 600688-CN(上海石化), 300124-CN(汇川技术), 300257-CN(开山股份), 600983-CN(惠而浦)","600652-CN(退市游久), 002508-CN(老板电器), 002426-CN(胜利精密), 002690-CN(美亚光电), 002653-CN(海思科), 600222-CN(太龙药业), 600967-CN(内蒙一机), 600845-CN(宝信软件), 600206-CN(有研新材)","?, 医药生物, 国防军工, 家用电器, 机械设备, 电子, 计算机",6.85,9,1.453164465005045
2013-09-01,2013-10-01,10,9,9,600652-CN|002508-CN|002426-CN|002690-CN|002653-CN|600222-CN|600967-CN|600845-CN|600206-CN,600518-CN|000681-CN|601231-CN|300118-CN|002020-CN|300303-CN|300012-CN|600535-CN|600718-CN,"600652-CN(退市游久), 002508-CN(老板电器), 002426-CN(胜利精密), 002690-CN(美亚光电), 002653-CN(海思科), 600222-CN(太龙药业), 600967-CN(内蒙一机), 600845-CN(宝信软件), 600206-CN(有研新材)","600518-CN(ST康美), 000681-CN(视觉中国), 601231-CN(环旭电子), 300118-CN(东方日升), 002020-CN(京新药业), 300303-CN(聚飞光电), 300012-CN(华测检测), 600535-CN(天士力), 600718-CN(东软集团)","传媒, 医药生物, 电力设备, 电子, 社会服务, 计算机",-0.66,9,1.4435735795360116
2013-10-01,2013-11-01,10,10,10,600561-CN|600518-CN|000681-CN|601231-CN|300118-CN|002020-CN|300303-CN|300012-CN|600535-CN|600718-CN,600682-CN|600505-CN|600652-CN|600661-CN|002085-CN|601012-CN|600824-CN|600611-CN|002436-CN|300244-CN,"600561-CN(江西长运), 600518-CN(ST康美), 000681-CN(视觉中国), 601231-CN(环旭电子), 300118-CN(东方日升), 002020-CN(京新药业), 300303-CN(聚飞光电), 300012-CN(华测检测), 600535-CN(天士力), 600718-CN(东软集团)","600682-CN(南京新百), 600505-CN(西昌电力), 600652-CN(退市游久), 600661-CN(昂立教育), 002085-CN(万丰奥威), 601012-CN(隆基绿能), 600824-CN(益民集团), 600611-CN(大众交通), 002436-CN(兴森科技), 300244-CN(迪安诊断)","?, 交通运输, 公用事业, 医药生物, 商贸零售, 汽车, 电力设备, 电子, 社会服务, 综合",4.6,10,1.5099779641946682
2013-11-01,2013-12-01,10,7,7,600682-CN|600505-CN|600661-CN|002085-CN|600824-CN|600611-CN|002436-CN,600222-CN|600624-CN|000555-CN|600081-CN|600769-CN|300118-CN|600861-CN,"600682-CN(南京新百), 600505-CN(西昌电力), 600661-CN(昂立教育), 002085-CN(万丰奥威), 600824-CN(益民集团), 600611-CN(大众交通), 002436-CN(兴森科技)","600222-CN(太龙药业), 600624-CN(复旦复华), 000555-CN(神州信息), 600081-CN(东风科技), 600769-CN(祥龙电业), 300118-CN(东方日升), 600861-CN(北京城乡)","医药生物, 汽车, 环保, 电力设备, 社会服务, 计算机",-3.72,7,1.4538067839266267
2013-12-01,2014-01-01,10,8,8,600652-CN|600624-CN|000555-CN|600081-CN|600769-CN|300118-CN|601012-CN|600861-CN,600682-CN|600432-CN|601222-CN|600587-CN|601700-CN|601058-CN|002690-CN|600747-CN,"600652-CN(退市游久), 600624-CN(复旦复华), 000555-CN(神州信息), 600081-CN(东风科技), 600769-CN(祥龙电业), 300118-CN(东方日升), 601012-CN(隆基绿能), 600861-CN(北京城乡)","600682-CN(南京新百), 600432-CN(退市吉恩), 601222-CN(林洋能源), 600587-CN(新华医疗), 601700-CN(风范股份), 601058-CN(赛轮轮胎), 002690-CN(美亚光电), 600747-CN(退市大控)","?, 公用事业, 医药生物, 机械设备, 汽车, 电力设备, 综合",6.8,8,1.5526656452336374
2014-01-01,2014-02-01,10,7,7,600432-CN|601222-CN|601700-CN|601058-CN|300244-CN|002690-CN|600747-CN,002085-CN|002595-CN|002126-CN|600161-CN|600855-CN|002532-CN|601965-CN,"600432-CN(退市吉恩), 601222-CN(林洋能源), 601700-CN(风范股份), 601058-CN(赛轮轮胎), 300244-CN(迪安诊断), 002690-CN(美亚光电), 600747-CN(退市大控)","002085-CN(万丰奥威), 002595-CN(豪迈科技), 002126-CN(银轮股份), 600161-CN(天坛生物), 600855-CN(航天长峰), 002532-CN(天山铝业), 601965-CN(中国汽研)","医药生物, 国防军工, 有色金属, 机械设备, 汽车",2.67,7,1.5941218179613754
2014-02-01,2014-03-01,10,9,9,600682-CN|600222-CN|600587-CN|002085-CN|002595-CN|002126-CN|600161-CN|600855-CN|002532-CN,600203-CN|600557-CN|600594-CN|600777-CN|002439-CN|300263-CN|002698-CN|600747-CN|601799-CN,"600682-CN(南京新百), 600222-CN(太龙药业), 600587-CN(新华医疗), 002085-CN(万丰奥威), 002595-CN(豪迈科技), 002126-CN(银轮股份), 600161-CN(天坛生物), 600855-CN(航天长峰), 002532-CN(天山铝业)","600203-CN(福日电子), 600557-CN(康缘药业), 600594-CN(益佰制药), 600777-CN(新潮能源), 002439-CN(启明星辰), 300263-CN(隆华科技), 002698-CN(博实股份), 600747-CN(退市大控), 601799-CN(星宇股份)","?, 医药生物, 机械设备, 汽车, 电子, 石油石化, 计算机",-3.8,9,1.5335451888788432
2014-03-01,2014-04-01,10,8,8,600203-CN|600557-CN|600594-CN|600777-CN|002439-CN|300263-CN|002698-CN|601799-CN,002389-CN|600193-CN|002532-CN|002690-CN|002126-CN|600387-CN|002085-CN|600767-CN,"600203-CN(福日电子), 600557-CN(康缘药业), 600594-CN(益佰制药), 600777-CN(新潮能源), 002439-CN(启明星辰), 300263-CN(隆华科技), 002698-CN(博实股份), 601799-CN(星宇股份)","002389-CN(航天彩虹), 600193-CN(创兴资源), 002532-CN(天山铝业), 002690-CN(美亚光电), 002126-CN(银轮股份), 600387-CN(ST海越), 002085-CN(万丰奥威), 600767-CN(*ST运盛)","?, 国防军工, 建筑装饰, 有色金属, 机械设备, 汽车",-9.34,8,1.3903120682375592
2014-04-01,2014-05-01,10,9,9,002389-CN|600193-CN|002532-CN|002690-CN|002126-CN|600387-CN|002085-CN|600767-CN|600747-CN,600552-CN|300244-CN|600857-CN|600777-CN|600861-CN|600885-CN|601799-CN|000988-CN|000700-CN,"002389-CN(航天彩虹), 600193-CN(创兴资源), 002532-CN(天山铝业), 002690-CN(美亚光电), 002126-CN(银轮股份), 600387-CN(ST海越), 002085-CN(万丰奥威), 600767-CN(*ST运盛), 600747-CN(退市大控)","600552-CN(凯盛科技), 300244-CN(迪安诊断), 600857-CN(宁波中百), 600777-CN(新潮能源), 600861-CN(北京城乡), 600885-CN(宏发股份), 601799-CN(星宇股份), 000988-CN(华工科技), 000700-CN(模塑科技)","医药生物, 商贸零售, 机械设备, 汽车, 电力设备, 电子, 石油石化, 社会服务",-2.65,9,1.353468798429264
2014-05-01,2014-06-01,10,8,8,600552-CN|601965-CN|600777-CN|600861-CN|600885-CN|601799-CN|000988-CN|000700-CN,600387-CN|002880-CN|002387-CN|002487-CN|600819-CN|600651-CN|600351-CN|002048-CN,"600552-CN(凯盛科技), 601965-CN(中国汽研), 600777-CN(新潮能源), 600861-CN(北京城乡), 600885-CN(宏发股份), 601799-CN(星宇股份), 000988-CN(华工科技), 000700-CN(模塑科技)","600387-CN(ST海越), 002880-CN(卫光生物), 002387-CN(维信诺), 002487-CN(大金重工), 600819-CN(耀皮玻璃), 600651-CN(飞乐音响), 600351-CN(亚宝药业), 002048-CN(宁波华翔)","?, 医药生物, 建筑材料, 汽车, 电力设备, 电子",8.98,8,1.475010296528212
2014-06-01,2014-07-01,10,6,6,600387-CN|002487-CN|600819-CN|300244-CN|600651-CN|002048-CN,600569-CN|600138-CN|601225-CN|603005-CN|002595-CN|600760-CN,"600387-CN(ST海越), 002487-CN(大金重工), 600819-CN(耀皮玻璃), 300244-CN(迪安诊断), 600651-CN(飞乐音响), 002048-CN(宁波华翔)","600569-CN(安阳钢铁), 600138-CN(XD中青旅), 601225-CN(陕西煤业), 603005-CN(晶方科技), 002595-CN(豪迈科技), 600760-CN(中航沈飞)","国防军工, 机械设备, 煤炭, 电子, 社会服务, 钢铁",3.97,6,1.533568205300382
2014-07-01,2014-08-01,10,5,5,600569-CN|601225-CN|600760-CN|600857-CN|002880-CN,002180-CN|600071-CN|600370-CN|002421-CN|600790-CN,"600569-CN(安阳钢铁), 601225-CN(陕西煤业), 600760-CN(中航沈飞), 600857-CN(宁波中百), 002880-CN(卫光生物)","002180-CN(纳思达), 600071-CN(凤凰光学), 600370-CN(三房巷), 002421-CN(达实智能), 600790-CN(轻纺城)","商贸零售, 基础化工, 电子, 计算机",1.53,5,1.5570317988414781
2014-08-01,2014-09-01,10,8,8,600138-CN|600351-CN|603005-CN|002387-CN|002180-CN|600071-CN|002595-CN|600790-CN,600469-CN|600538-CN|600569-CN|002366-CN|600726-CN|600733-CN|600877-CN|300224-CN,"600138-CN(XD中青旅), 600351-CN(亚宝药业), 603005-CN(晶方科技), 002387-CN(维信诺), 002180-CN(纳思达), 600071-CN(凤凰光学), 002595-CN(豪迈科技), 600790-CN(轻纺城)","600469-CN(风神股份), 600538-CN(国发股份), 600569-CN(安阳钢铁), 002366-CN(*ST海核), 600726-CN(*ST华源), 600733-CN(北汽蓝谷), 600877-CN(声光电科), 300224-CN(正海磁材)","公用事业, 医药生物, 有色金属, 汽车, 电力设备, 电子, 钢铁",18.1,8,1.8388545544317858
2014-09-01,2014-10-01,10,6,6,002366-CN|600733-CN|600877-CN|300224-CN|600370-CN|002421-CN,600288-CN|600766-CN|600960-CN|600730-CN|600355-CN|002539-CN,"002366-CN(*ST海核), 600733-CN(北汽蓝谷), 600877-CN(声光电科), 300224-CN(正海磁材), 600370-CN(三房巷), 002421-CN(达实智能)","600288-CN(大恒科技), 600766-CN(*ST园城), 600960-CN(渤海汽车), 600730-CN(中国高科), 600355-CN(精伦电子), 002539-CN(云图控股)","?, 基础化工, 汽车, 社会服务, 计算机",2.56,6,1.8859292310252396
2014-10-01,2014-11-01,10,8,8,600569-CN|600469-CN|600288-CN|600726-CN|600766-CN|600960-CN|600730-CN|600355-CN,600293-CN|002488-CN|600226-CN|600302-CN|000785-CN|600853-CN|002611-CN|600962-CN,"600569-CN(安阳钢铁), 600469-CN(风神股份), 600288-CN(大恒科技), 600726-CN(*ST华源), 600766-CN(*ST园城), 600960-CN(渤海汽车), 600730-CN(中国高科), 600355-CN(精伦电子)","600293-CN(三峡新材), 002488-CN(金固股份), 600226-CN(ST瀚叶), 600302-CN(标准股份), 000785-CN(居然之家), 600853-CN(龙建股份), 002611-CN(东方精工), 600962-CN(国投中鲁)","公用事业, 农林牧渔, 商贸零售, 建筑材料, 建筑装饰, 机械设备, 汽车",6.82,8,2.014549604581161
2014-11-01,2014-12-01,10,9,9,600538-CN|600293-CN|600226-CN|002539-CN|600302-CN|000785-CN|600853-CN|002611-CN|600962-CN,600361-CN|600356-CN|600387-CN|600378-CN|600281-CN|600735-CN|600608-CN|600965-CN|002182-CN,"600538-CN(国发股份), 600293-CN(三峡新材), 600226-CN(ST瀚叶), 002539-CN(云图控股), 600302-CN(标准股份), 000785-CN(居然之家), 600853-CN(龙建股份), 002611-CN(东方精工), 600962-CN(国投中鲁)","600361-CN(华联综超), 600356-CN(恒丰纸业), 600387-CN(ST海越), 600378-CN(昊华科技), 600281-CN(华阳新材), 600735-CN(新华锦), 600608-CN(ST沪科), 600965-CN(福成股份), 002182-CN(云海金属)","?, 农林牧渔, 商贸零售, 基础化工, 有色金属, 纺织服饰, 轻工制造",-6.53,9,1.882999515402011
2014-12-01,2015-01-31,10,8,8,600361-CN|600356-CN|600387-CN|600378-CN|600281-CN|600608-CN|600965-CN|002182-CN,600469-CN|600530-CN|600082-CN|600322-CN|600599-CN|601225-CN|600962-CN|601007-CN,"600361-CN(华联综超), 600356-CN(恒丰纸业), 600387-CN(ST海越), 600378-CN(昊华科技), 600281-CN(华阳新材), 600608-CN(ST沪科), 600965-CN(福成股份), 002182-CN(云海金属)","600469-CN(风神股份), 600530-CN(交大昂立), 600082-CN(海泰发展), 600322-CN(天房发展), 600599-CN(ST熊猫), 601225-CN(陕西煤业), 600962-CN(国投中鲁), 601007-CN(金陵饭店)","农林牧渔, 房地产, 汽车, 煤炭, 社会服务, 非银金融, 食品饮料",1.17,8,1.9050306097322145
2015-01-31,2015-02-28,10,10,10,600469-CN|600530-CN|600082-CN|600322-CN|600599-CN|600735-CN|601225-CN|600962-CN|002488-CN|601007-CN,600004-CN|600891-CN|600247-CN|600229-CN|600975-CN|600678-CN|600227-CN|600876-CN|600981-CN|600009-CN,"600469-CN(风神股份), 600530-CN(交大昂立), 600082-CN(海泰发展), 600322-CN(天房发展), 600599-CN(ST熊猫), 600735-CN(新华锦), 601225-CN(陕西煤业), 600962-CN(国投中鲁), 002488-CN(金固股份), 601007-CN(金陵饭店)","600004-CN(白云机场), 600891-CN(退市秋林), 600247-CN(*ST成城), 600229-CN(城市传媒), 600975-CN(新五丰), 600678-CN(四川金顶), 600227-CN(圣济堂), 600876-CN(洛阳玻璃), 600981-CN(汇鸿集团), 600009-CN(上海机场)","?, 交通运输, 传媒, 农林牧渔, 商贸零售, 基础化工, 建筑材料",3.11,10,1.9642770616948861
2015-02-28,2015-03-31,10,8,8,600004-CN|600247-CN|600229-CN|600975-CN|600678-CN|600227-CN|600876-CN|600981-CN,600313-CN|603188-CN|600272-CN|600470-CN|600889-CN|600287-CN|002413-CN|601336-CN,"600004-CN(白云机场), 600247-CN(*ST成城), 600229-CN(城市传媒), 600975-CN(新五丰), 600678-CN(四川金顶), 600227-CN(圣济堂), 600876-CN(洛阳玻璃), 600981-CN(汇鸿集团)","600313-CN(农发种业), 603188-CN(亚邦股份), 600272-CN(开开实业), 600470-CN(六国化工), 600889-CN(南京化纤), 600287-CN(江苏舜天), 002413-CN(雷科防务), 601336-CN(新华保险)","农林牧渔, 医药生物, 商贸零售, 国防军工, 基础化工, 非银金融",0.0,8,1.9642770616948861
2015-03-31,2015-04-30,10,9,9,600891-CN|600313-CN|603188-CN|600272-CN|600470-CN|600287-CN|600009-CN|002413-CN|601336-CN,600097-CN|601015-CN|601016-CN|600215-CN|600608-CN|600871-CN|600207-CN|600356-CN|600712-CN,"600891-CN(退市秋林), 600313-CN(农发种业), 603188-CN(亚邦股份), 600272-CN(开开实业), 600470-CN(六国化工), 600287-CN(江苏舜天), 600009-CN(上海机场), 002413-CN(雷科防务), 601336-CN(新华保险)","600097-CN(开创国际), 601015-CN(陕西黑猫), 601016-CN(节能风电), 600215-CN(派斯林), 600608-CN(ST沪科), 600871-CN(石化油服), 600207-CN(安彩高科), 600356-CN(恒丰纸业), 600712-CN(南宁百货)","公用事业, 农林牧渔, 商贸零售, 机械设备, 煤炭, 电力设备, 石油石化, 轻工制造",15.99,9,2.2783649638598984
2015-04-30,2015-05-31,10,7,7,601016-CN|600215-CN|600608-CN|600871-CN|600356-CN|600889-CN|600712-CN,600017-CN|603366-CN|000737-CN|603001-CN|600573-CN|600230-CN|600892-CN,"601016-CN(节能风电), 600215-CN(派斯林), 600608-CN(ST沪科), 600871-CN(石化油服), 600356-CN(恒丰纸业), 600889-CN(南京化纤), 600712-CN(南宁百货)","600017-CN(日照港), 603366-CN(日出东方), 000737-CN(北方铜业), 603001-CN(奥康国际), 600573-CN(惠泉啤酒), 600230-CN(沧州大化), 600892-CN(大晟文化)","交通运输, 传媒, 基础化工, 家用电器, 有色金属, 纺织服饰, 食品饮料",8.62,7,2.4747600237446217
2015-05-31,2015-06-30,10,8,8,600017-CN|600097-CN|600207-CN|000737-CN|603001-CN|600573-CN|600230-CN|600892-CN,603126-CN|603099-CN|600917-CN|600738-CN|600706-CN|603369-CN|300174-CN|600423-CN,"600017-CN(日照港), 600097-CN(开创国际), 600207-CN(安彩高科), 000737-CN(北方铜业), 603001-CN(奥康国际), 600573-CN(惠泉啤酒), 600230-CN(沧州大化), 600892-CN(大晟文化)","603126-CN(中材节能), 603099-CN(长白山), 600917-CN(重庆燃气), 600738-CN(丽尚国潮), 600706-CN(曲江文旅), 603369-CN(今世缘), 300174-CN(元力股份), 600423-CN(柳化股份)","公用事业, 商贸零售, 基础化工, 环保, 社会服务, 食品饮料",0.0,8,2.4747600237446217
2015-06-30,2015-07-31,10,10,10,603126-CN|603099-CN|601015-CN|600917-CN|600738-CN|600706-CN|603366-CN|603369-CN|300174-CN|600423-CN,600017-CN|002617-CN|600131-CN|002507-CN|600543-CN|600892-CN|600241-CN|600821-CN|600733-CN|600692-CN,"603126-CN(中材节能), 603099-CN(长白山), 601015-CN(陕西黑猫), 600917-CN(重庆燃气), 600738-CN(丽尚国潮), 600706-CN(曲江文旅), 603366-CN(日出东方), 603369-CN(今世缘), 300174-CN(元力股份), 600423-CN(柳化股份)","600017-CN(日照港), 002617-CN(露笑科技), 600131-CN(国网信通), 002507-CN(涪陵榨菜), 600543-CN(莫高股份), 600892-CN(大晟文化), 600241-CN(ST时万), 600821-CN(金开新能), 600733-CN(北汽蓝谷), 600692-CN(亚通股份)","交通运输, 传媒, 公用事业, 房地产, 汽车, 电力设备, 计算机, 食品饮料",-13.96,10,2.1292835244298725
2015-07-31,2015-08-31,10,9,9,002617-CN|600131-CN|002507-CN|600543-CN|600892-CN|600241-CN|600821-CN|600733-CN|600692-CN,603012-CN|601689-CN|603118-CN|002703-CN|300142-CN|601003-CN|603017-CN|603678-CN|600202-CN,"002617-CN(露笑科技), 600131-CN(国网信通), 002507-CN(涪陵榨菜), 600543-CN(莫高股份), 600892-CN(大晟文化), 600241-CN(ST时万), 600821-CN(金开新能), 600733-CN(北汽蓝谷), 600692-CN(亚通股份)","603012-CN(创力集团), 601689-CN(拓普集团), 603118-CN(共进股份), 002703-CN(浙江世宝), 300142-CN(沃森生物), 601003-CN(柳钢股份), 603017-CN(中衡设计), 603678-CN(火炬电子), 600202-CN(哈空调)","医药生物, 国防军工, 建筑装饰, 机械设备, 汽车, 通信, 钢铁",0.0,9,2.1292835244298725
2015-08-31,2015-09-30,10,8,8,600017-CN|603012-CN|601689-CN|603118-CN|002703-CN|603017-CN|603678-CN|600202-CN,600097-CN|603883-CN|600876-CN|603567-CN|600817-CN|600006-CN|600428-CN|600886-CN,"600017-CN(日照港), 603012-CN(创力集团), 601689-CN(拓普集团), 603118-CN(共进股份), 002703-CN(浙江世宝), 603017-CN(中衡设计), 603678-CN(火炬电子), 600202-CN(哈空调)","600097-CN(开创国际), 603883-CN(老百姓), 600876-CN(洛阳玻璃), 603567-CN(珍宝岛), 600817-CN(宇通重工), 600006-CN(东风汽车), 600428-CN(中远海特), 600886-CN(国投电力)","交通运输, 公用事业, 农林牧渔, 医药生物, 建筑材料, 汽车, 环保",15.36,8,2.4563414737823006
2015-09-30,2015-10-31,10,5,5,603883-CN|600876-CN|603567-CN|600006-CN|600886-CN,600099-CN|601238-CN|600750-CN|600575-CN|000601-CN,"603883-CN(老百姓), 600876-CN(洛阳玻璃), 603567-CN(珍宝岛), 600006-CN(东风汽车), 600886-CN(国投电力)","600099-CN(林海股份), 601238-CN(广汽集团), 600750-CN(江中药业), 600575-CN(淮河能源), 000601-CN(韶能股份)","公用事业, 医药生物, 汽车, 煤炭",0.0,5,2.4563414737823006
2015-10-31,2015-11-30,10,7,7,600817-CN|600428-CN|601238-CN|600750-CN|000601-CN|601003-CN|300142-CN,601368-CN|603718-CN|601968-CN|603885-CN|300456-CN|000990-CN|600719-CN,"600817-CN(宇通重工), 600428-CN(中远海特), 601238-CN(广汽集团), 600750-CN(江中药业), 000601-CN(韶能股份), 601003-CN(柳钢股份), 300142-CN(沃森生物)","601368-CN(绿城水务), 603718-CN(海利生物), 601968-CN(宝钢包装), 603885-CN(吉祥航空), 300456-CN(赛微电子), 000990-CN(诚志股份), 600719-CN(ST热电)","交通运输, 公用事业, 医药生物, 基础化工, 环保, 电子, 轻工制造",0.7,7,2.4735358640987766
2015-11-30,2015-12-31,10,5,5,600097-CN|600099-CN|300456-CN|600575-CN|600719-CN,002763-CN|603568-CN|000403-CN|300468-CN|603227-CN,"600097-CN(开创国际), 600099-CN(林海股份), 300456-CN(赛微电子), 600575-CN(淮河能源), 600719-CN(ST热电)","002763-CN(汇洁股份), 603568-CN(伟明环保), 000403-CN(派林生物), 300468-CN(四方精创), 603227-CN(雪峰科技)","医药生物, 基础化工, 环保, 纺织服饰, 计算机",3.72,5,2.565551398243251
2015-12-31,2016-01-31,10,6,6,603568-CN|601368-CN|000990-CN|000403-CN|300468-CN|601968-CN,603598-CN|600719-CN|002670-CN|603108-CN|002545-CN|600575-CN,"603568-CN(伟明环保), 601368-CN(绿城水务), 000990-CN(诚志股份), 000403-CN(派林生物), 300468-CN(四方精创), 601968-CN(宝钢包装)","603598-CN(引力传媒), 600719-CN(ST热电), 002670-CN(国盛金控), 603108-CN(润达医疗), 002545-CN(东方铁塔), 600575-CN(淮河能源)","传媒, 公用事业, 医药生物, 基础化工, 煤炭, 非银金融",0.0,6,2.565551398243251
2016-01-31,2016-02-29,10,9,9,002763-CN|603598-CN|600719-CN|603227-CN|603718-CN|603108-CN|603885-CN|002545-CN|600575-CN,000403-CN|000983-CN|002020-CN|300456-CN|600258-CN|603010-CN|600265-CN|002458-CN|002617-CN,"002763-CN(汇洁股份), 603598-CN(引力传媒), 600719-CN(ST热电), 603227-CN(雪峰科技), 603718-CN(海利生物), 603108-CN(润达医疗), 603885-CN(吉祥航空), 002545-CN(东方铁塔), 600575-CN(淮河能源)","000403-CN(派林生物), 000983-CN(山西焦煤), 002020-CN(京新药业), 300456-CN(赛微电子), 600258-CN(首旅酒店), 603010-CN(万盛股份), 600265-CN(ST景谷), 002458-CN(益生股份), 002617-CN(露笑科技)","公用事业, 农林牧渔, 医药生物, 基础化工, 煤炭, 电子, 社会服务",1.14,9,2.5947986841832242
2016-02-29,2016-03-31,10,6,6,002020-CN|300456-CN|600258-CN|600265-CN|002617-CN|002670-CN,600000-CN|000932-CN|002624-CN|600216-CN|002601-CN|002299-CN,"002020-CN(京新药业), 300456-CN(赛微电子), 600258-CN(首旅酒店), 600265-CN(ST景谷), 002617-CN(露笑科技), 002670-CN(国盛金控)","600000-CN(浦发银行), 000932-CN(华菱钢铁), 002624-CN(完美世界), 600216-CN(浙江医药), 002601-CN(龙佰集团), 002299-CN(圣农发展)","传媒, 农林牧渔, 医药生物, 基础化工, 钢铁, 银行",6.19,6,2.755416722734166
2016-03-31,2016-04-30,10,4,4,600000-CN|002624-CN|600216-CN|603010-CN,600519-CN|002304-CN|000959-CN|000333-CN,"600000-CN(浦发银行), 002624-CN(完美世界), 600216-CN(浙江医药), 603010-CN(万盛股份)","600519-CN(贵州茅台), 002304-CN(洋河股份), 000959-CN(首钢股份), 000333-CN(美的集团)","家用电器, 钢铁, 食品饮料",6.42,4,2.9323144763337
2016-04-30,2016-05-31,10,6,6,000983-CN|002299-CN|002304-CN|000959-CN|002601-CN|002458-CN,000895-CN|002007-CN|600793-CN|603999-CN|002409-CN|600365-CN,"000983-CN(山西焦煤), 002299-CN(圣农发展), 002304-CN(洋河股份), 000959-CN(首钢股份), 002601-CN(龙佰集团), 002458-CN(益生股份)","000895-CN(双汇发展), 002007-CN(华兰生物), 600793-CN(宜宾纸业), 603999-CN(读者传媒), 002409-CN(雅克科技), 600365-CN(ST通葡)","传媒, 医药生物, 商贸零售, 电子, 轻工制造, 食品饮料",1.25,6,2.968968407287871
2016-05-31,2016-06-30,10,6,6,600519-CN|000895-CN|600793-CN|603999-CN|002409-CN|600365-CN,600809-CN|000858-CN|002304-CN|300409-CN|002508-CN|002458-CN,"600519-CN(贵州茅台), 000895-CN(双汇发展), 600793-CN(宜宾纸业), 603999-CN(读者传媒), 002409-CN(雅克科技), 600365-CN(ST通葡)","600809-CN(山西汾酒), 000858-CN(五粮液), 002304-CN(洋河股份), 300409-CN(道氏技术), 002508-CN(老板电器), 002458-CN(益生股份)","农林牧渔, 家用电器, 电力设备, 食品饮料",4.43,6,3.1004937077307235
2016-06-30,2016-07-31,10,4,4,600809-CN|000932-CN|002508-CN|002458-CN,000568-CN|002048-CN|601900-CN|002409-CN,"600809-CN(山西汾酒), 000932-CN(华菱钢铁), 002508-CN(老板电器), 002458-CN(益生股份)","000568-CN(泸州老窖), 002048-CN(宁波华翔), 601900-CN(南方传媒), 002409-CN(雅克科技)","传媒, 汽车, 电子, 食品饮料",7.75,4,3.3407819700798544
2016-07-31,2016-08-31,10,8,8,002304-CN|000568-CN|000858-CN|000333-CN|002007-CN|000403-CN|601900-CN|300409-CN,000538-CN|000423-CN|600276-CN|600809-CN|000089-CN|002782-CN|002751-CN|600591-CN,"002304-CN(洋河股份), 000568-CN(泸州老窖), 000858-CN(五粮液), 000333-CN(美的集团), 002007-CN(华兰生物), 000403-CN(派林生物), 601900-CN(南方传媒), 300409-CN(道氏技术)","000538-CN(云南白药), 000423-CN(东阿阿胶), 600276-CN(恒瑞医药), 600809-CN(山西汾酒), 000089-CN(深圳机场), 002782-CN(可立克), 002751-CN(*ST易尚), 600591-CN(?)","?, 交通运输, 医药生物, 电子, 食品饮料",2.14,8,3.4122747042395636
2016-08-31,2016-09-30,10,7,7,000423-CN|600276-CN|600809-CN|002048-CN|002782-CN|002751-CN|600591-CN,000983-CN|600004-CN|002792-CN|300265-CN|002716-CN|002507-CN|300174-CN,"000423-CN(东阿阿胶), 600276-CN(恒瑞医药), 600809-CN(山西汾酒), 002048-CN(宁波华翔), 002782-CN(可立克), 002751-CN(*ST易尚), 600591-CN(?)","000983-CN(山西焦煤), 600004-CN(白云机场), 002792-CN(通宇通讯), 300265-CN(通光线缆), 002716-CN(金贵银业), 002507-CN(涪陵榨菜), 300174-CN(元力股份)","交通运输, 基础化工, 有色金属, 煤炭, 电力设备, 通信, 食品饮料",-0.59,7,3.3921422834845503
2016-09-30,2016-10-31,10,7,7,000538-CN|000089-CN|000983-CN|002792-CN|002409-CN|002716-CN|002507-CN,002007-CN|603519-CN|002611-CN|600539-CN|600758-CN|002387-CN|600506-CN,"000538-CN(云南白药), 000089-CN(深圳机场), 000983-CN(山西焦煤), 002792-CN(通宇通讯), 002409-CN(雅克科技), 002716-CN(金贵银业), 002507-CN(涪陵榨菜)","002007-CN(华兰生物), 603519-CN(立霸股份), 002611-CN(东方精工), 600539-CN(狮头股份), 600758-CN(辽宁能源), 002387-CN(维信诺), 600506-CN(香梨股份)","医药生物, 商贸零售, 家用电器, 机械设备, 煤炭, 电子, 石油石化",-1.71,7,3.3341366504369643
2016-10-31,2016-11-30,10,8,8,002007-CN|600004-CN|002611-CN|300265-CN|600539-CN|600758-CN|002387-CN|600506-CN,002722-CN|000949-CN|600455-CN|601127-CN|600817-CN|600505-CN|600439-CN|603737-CN,"002007-CN(华兰生物), 600004-CN(白云机场), 002611-CN(东方精工), 300265-CN(通光线缆), 600539-CN(狮头股份), 600758-CN(辽宁能源), 002387-CN(维信诺), 600506-CN(香梨股份)","002722-CN(物产金轮), 000949-CN(新乡化纤), 600455-CN(博通股份), 601127-CN(赛力斯), 600817-CN(宇通重工), 600505-CN(西昌电力), 600439-CN(瑞贝卡), 603737-CN(三棵树)","公用事业, 基础化工, 建筑材料, 机械设备, 汽车, 环保, 纺织服饰, 计算机",9.3,8,3.6442113589276017
2016-11-30,2016-12-31,10,8,8,002722-CN|300174-CN|000949-CN|600455-CN|601127-CN|600505-CN|600439-CN|603737-CN,600004-CN|000726-CN|002732-CN|603958-CN|002790-CN|600821-CN|600985-CN|600995-CN,"002722-CN(物产金轮), 300174-CN(元力股份), 000949-CN(新乡化纤), 600455-CN(博通股份), 601127-CN(赛力斯), 600505-CN(西昌电力), 600439-CN(瑞贝卡), 603737-CN(三棵树)","600004-CN(白云机场), 000726-CN(鲁泰A), 002732-CN(燕塘乳业), 603958-CN(哈森股份), 002790-CN(瑞尔特), 600821-CN(金开新能), 600985-CN(淮北矿业), 600995-CN(文山电力)","交通运输, 公用事业, 煤炭, 纺织服饰, 轻工制造, 食品饮料",-1.96,8,3.572784816292621
2016-12-31,2017-02-28,10,9,9,600004-CN|000726-CN|603519-CN|002732-CN|603958-CN|600817-CN|002790-CN|600821-CN|600985-CN,600082-CN|000949-CN|603010-CN|603515-CN|601857-CN|600506-CN|603315-CN|002795-CN|000898-CN,"600004-CN(白云机场), 000726-CN(鲁泰A), 603519-CN(立霸股份), 002732-CN(燕塘乳业), 603958-CN(哈森股份), 600817-CN(宇通重工), 002790-CN(瑞尔特), 600821-CN(金开新能), 600985-CN(淮北矿业)","600082-CN(海泰发展), 000949-CN(新乡化纤), 603010-CN(万盛股份), 603515-CN(欧普照明), 601857-CN(中国石油), 600506-CN(香梨股份), 603315-CN(福鞍股份), 002795-CN(永和智控), 000898-CN(鞍钢股份)","基础化工, 家用电器, 房地产, 机械设备, 环保, 石油石化, 钢铁",4.62,9,3.7378474748053403
2017-02-28,2017-03-31,10,10,10,600082-CN|000949-CN|603010-CN|603515-CN|601857-CN|600506-CN|603315-CN|002795-CN|000898-CN|600995-CN,002204-CN|002092-CN|000962-CN|600231-CN|600858-CN|603160-CN|000719-CN|600793-CN|601128-CN|600249-CN,"600082-CN(海泰发展), 000949-CN(新乡化纤), 603010-CN(万盛股份), 603515-CN(欧普照明), 601857-CN(中国石油), 600506-CN(香梨股份), 603315-CN(福鞍股份), 002795-CN(永和智控), 000898-CN(鞍钢股份), 600995-CN(文山电力)","002204-CN(大连重工), 002092-CN(中泰化学), 000962-CN(东方钽业), 600231-CN(凌钢股份), 600858-CN(银座股份), 603160-CN(汇顶科技), 000719-CN(中原传媒), 600793-CN(宜宾纸业), 601128-CN(常熟银行), 600249-CN(两面针)","传媒, 商贸零售, 基础化工, 有色金属, 机械设备, 电子, 美容护理, 轻工制造, 钢铁, 银行",-1.9,10,3.666828372784039
2017-03-31,2017-04-30,10,8,8,002204-CN|002092-CN|000962-CN|600231-CN|600858-CN|603160-CN|000719-CN|600249-CN,600004-CN|603556-CN|603727-CN|300558-CN|603322-CN|600581-CN|600485-CN|600723-CN,"002204-CN(大连重工), 002092-CN(中泰化学), 000962-CN(东方钽业), 600231-CN(凌钢股份), 600858-CN(银座股份), 603160-CN(汇顶科技), 000719-CN(中原传媒), 600249-CN(两面针)","600004-CN(白云机场), 603556-CN(海兴电力), 603727-CN(博迈科), 300558-CN(贝达药业), 603322-CN(超讯通信), 600581-CN(八一钢铁), 600485-CN(*ST信威), 600723-CN(首商股份)","?, 交通运输, 医药生物, 电力设备, 石油石化, 通信, 钢铁",0.0,8,3.666828372784039
2017-04-30,2017-05-31,10,9,9,603556-CN|603727-CN|300558-CN|603322-CN|600793-CN|600581-CN|600485-CN|600723-CN|601128-CN,002060-CN|603298-CN|002726-CN|603888-CN|600828-CN|600277-CN|603969-CN|603126-CN|600908-CN,"603556-CN(海兴电力), 603727-CN(博迈科), 300558-CN(贝达药业), 603322-CN(超讯通信), 600793-CN(宜宾纸业), 600581-CN(八一钢铁), 600485-CN(*ST信威), 600723-CN(首商股份), 601128-CN(常熟银行)","002060-CN(粤水电), 603298-CN(杭叉集团), 002726-CN(龙大美食), 603888-CN(新华网), 600828-CN(茂业商业), 600277-CN(亿利洁能), 603969-CN(银龙股份), 603126-CN(中材节能), 600908-CN(无锡银行)","?, 传媒, 公用事业, 商贸零售, 机械设备, 环保, 银行, 食品饮料",-1.04,9,3.628693357707085
2017-05-31,2017-06-30,10,7,7,002060-CN|603298-CN|002726-CN|603888-CN|600828-CN|600277-CN|600908-CN,002028-CN|601628-CN|300124-CN|603228-CN|002821-CN|002294-CN|002831-CN,"002060-CN(粤水电), 603298-CN(杭叉集团), 002726-CN(龙大美食), 603888-CN(新华网), 600828-CN(茂业商业), 600277-CN(亿利洁能), 600908-CN(无锡银行)","002028-CN(思源电气), 601628-CN(中国人寿), 300124-CN(汇川技术), 603228-CN(景旺电子), 002821-CN(凯莱英), 002294-CN(信立泰), 002831-CN(裕同科技)","医药生物, 机械设备, 电力设备, 电子, 轻工制造, 非银金融",9.31,7,3.9665247093096143
2017-06-30,2017-07-31,10,8,8,002028-CN|300124-CN|603228-CN|603126-CN|002821-CN|002294-CN|603969-CN|002831-CN,600017-CN|000028-CN|000998-CN|000089-CN|002223-CN|603660-CN|002311-CN|600277-CN,"002028-CN(思源电气), 300124-CN(汇川技术), 603228-CN(景旺电子), 603126-CN(中材节能), 002821-CN(凯莱英), 002294-CN(信立泰), 603969-CN(银龙股份), 002831-CN(裕同科技)","600017-CN(日照港), 000028-CN(国药一致), 000998-CN(隆平高科), 000089-CN(深圳机场), 002223-CN(鱼跃医疗), 603660-CN(苏州科达), 002311-CN(海大集团), 600277-CN(亿利洁能)","?, 交通运输, 农林牧渔, 医药生物, 计算机",-3.0,8,3.8475289680303257
2017-07-31,2017-08-31,10,7,7,000028-CN|000998-CN|000089-CN|002223-CN|603660-CN|002311-CN|600277-CN,600022-CN|000429-CN|002294-CN|000538-CN|002867-CN|603337-CN|000513-CN,"000028-CN(国药一致), 000998-CN(隆平高科), 000089-CN(深圳机场), 002223-CN(鱼跃医疗), 603660-CN(苏州科达), 002311-CN(海大集团), 600277-CN(亿利洁能)","600022-CN(山东钢铁), 000429-CN(粤高速A), 002294-CN(信立泰), 000538-CN(云南白药), 002867-CN(周大生), 603337-CN(杰克股份), 000513-CN(丽珠集团)","交通运输, 医药生物, 机械设备, 纺织服饰, 钢铁",3.28,7,3.97372791818172
2017-08-31,2017-09-30,10,4,4,002294-CN|000538-CN|002867-CN|000513-CN,000998-CN|002311-CN|002008-CN|600277-CN,"002294-CN(信立泰), 000538-CN(云南白药), 002867-CN(周大生), 000513-CN(丽珠集团)","000998-CN(隆平高科), 002311-CN(海大集团), 002008-CN(大族激光), 600277-CN(亿利洁能)","?, 农林牧渔, 机械设备",0.95,4,4.011478333404447
2017-09-30,2017-10-31,10,7,7,600017-CN|000998-CN|600004-CN|002008-CN|000429-CN|600277-CN|601628-CN,000682-CN|002024-CN|002138-CN|600723-CN|600701-CN|600599-CN|600462-CN,"600017-CN(日照港), 000998-CN(隆平高科), 600004-CN(白云机场), 002008-CN(大族激光), 000429-CN(粤高速A), 600277-CN(亿利洁能), 601628-CN(中国人寿)","000682-CN(东方电子), 002024-CN(ST易购), 002138-CN(顺络电子), 600723-CN(首商股份), 600701-CN(?), 600599-CN(ST熊猫), 600462-CN(ST九有)","?, 商贸零售, 电力设备, 电子, 非银金融",0.77,7,4.042366716571661
2017-10-31,2017-11-30,10,8,8,000682-CN|600022-CN|002024-CN|002311-CN|002138-CN|600723-CN|600701-CN|600599-CN,000988-CN|300607-CN|002859-CN|603868-CN|002139-CN|603899-CN|603515-CN|002745-CN,"000682-CN(东方电子), 600022-CN(山东钢铁), 002024-CN(ST易购), 002311-CN(海大集团), 002138-CN(顺络电子), 600723-CN(首商股份), 600701-CN(?), 600599-CN(ST熊猫)","000988-CN(华工科技), 300607-CN(拓斯达), 002859-CN(洁美科技), 603868-CN(飞科电器), 002139-CN(拓邦股份), 603899-CN(晨光股份), 603515-CN(欧普照明), 002745-CN(木林森)","家用电器, 机械设备, 电子, 轻工制造",-9.78,8,3.6470232516909524
2017-11-30,2017-12-31,10,8,8,300607-CN|002859-CN|603868-CN|600462-CN|002139-CN|603899-CN|603515-CN|002745-CN,601857-CN|600004-CN|600029-CN|002020-CN|000301-CN|300601-CN|600432-CN|603096-CN,"300607-CN(拓斯达), 002859-CN(洁美科技), 603868-CN(飞科电器), 600462-CN(ST九有), 002139-CN(拓邦股份), 603899-CN(晨光股份), 603515-CN(欧普照明), 002745-CN(木林森)","601857-CN(中国石油), 600004-CN(白云机场), 600029-CN(南方航空), 002020-CN(京新药业), 000301-CN(东方盛虹), 300601-CN(康泰生物), 600432-CN(退市吉恩), 603096-CN(新经典)","?, 交通运输, 传媒, 医药生物, 石油石化",-1.4,8,3.5959649261672793
2017-12-31,2018-01-31,10,8,8,601857-CN|000988-CN|600029-CN|002020-CN|000301-CN|300601-CN|600432-CN|603096-CN,600115-CN|600062-CN|002244-CN|600462-CN|600900-CN|600591-CN|603883-CN|600485-CN,"601857-CN(中国石油), 000988-CN(华工科技), 600029-CN(南方航空), 002020-CN(京新药业), 000301-CN(东方盛虹), 300601-CN(康泰生物), 600432-CN(退市吉恩), 603096-CN(新经典)","600115-CN(中国东航), 600062-CN(华润双鹤), 002244-CN(滨江集团), 600462-CN(ST九有), 600900-CN(长江电力), 600591-CN(?), 603883-CN(老百姓), 600485-CN(*ST信威)","?, 交通运输, 公用事业, 医药生物, 房地产",1.96,8,3.666445838720158
2018-01-31,2018-02-28,10,8,8,600115-CN|002244-CN|600462-CN|600900-CN|600591-CN|603883-CN|600485-CN|603337-CN,002003-CN|002008-CN|000338-CN|603180-CN|600270-CN|603833-CN|603579-CN|002760-CN,"600115-CN(中国东航), 002244-CN(滨江集团), 600462-CN(ST九有), 600900-CN(长江电力), 600591-CN(?), 603883-CN(老百姓), 600485-CN(*ST信威), 603337-CN(杰克股份)","002003-CN(伟星股份), 002008-CN(大族激光), 000338-CN(潍柴动力), 603180-CN(金牌厨柜), 600270-CN(外运发展), 603833-CN(欧派家居), 603579-CN(荣泰健康), 002760-CN(凤形股份)","?, 家用电器, 机械设备, 汽车, 纺织服饰, 轻工制造",5.3,8,3.8607674681723263
2018-02-28,2018-03-31,10,7,7,002003-CN|002008-CN|600062-CN|000338-CN|600270-CN|603579-CN|002760-CN,002311-CN|600115-CN|603801-CN|300146-CN|002244-CN|601857-CN|300347-CN,"002003-CN(伟星股份), 002008-CN(大族激光), 600062-CN(华润双鹤), 000338-CN(潍柴动力), 600270-CN(外运发展), 603579-CN(荣泰健康), 002760-CN(凤形股份)","002311-CN(海大集团), 600115-CN(中国东航), 603801-CN(志邦家居), 300146-CN(汤臣倍健), 002244-CN(滨江集团), 601857-CN(中国石油), 300347-CN(泰格医药)","交通运输, 农林牧渔, 医药生物, 房地产, 石油石化, 轻工制造, 食品饮料",-6.9,7,3.594374512868436
2018-03-31,2018-05-31,10,8,8,600004-CN|002311-CN|600115-CN|603833-CN|300146-CN|002244-CN|601857-CN|300347-CN,002008-CN|600900-CN|603707-CN|002727-CN|300413-CN|600138-CN|300357-CN|603533-CN,"600004-CN(白云机场), 002311-CN(海大集团), 600115-CN(中国东航), 603833-CN(欧派家居), 300146-CN(汤臣倍健), 002244-CN(滨江集团), 601857-CN(中国石油), 300347-CN(泰格医药)","002008-CN(大族激光), 600900-CN(长江电力), 603707-CN(健友股份), 002727-CN(一心堂), 300413-CN(芒果超媒), 600138-CN(XD中青旅), 300357-CN(我武生物), 603533-CN(掌阅科技)","传媒, 公用事业, 医药生物, 机械设备, 社会服务",0.18,8,3.600844386991599
2018-05-31,2018-06-30,10,9,9,002008-CN|603801-CN|603180-CN|600900-CN|002727-CN|300413-CN|600138-CN|300357-CN|603533-CN,002311-CN|600062-CN|000528-CN|002925-CN|603866-CN|603096-CN|603515-CN|603345-CN|603816-CN,"002008-CN(大族激光), 603801-CN(志邦家居), 603180-CN(金牌厨柜), 600900-CN(长江电力), 002727-CN(一心堂), 300413-CN(芒果超媒), 600138-CN(XD中青旅), 300357-CN(我武生物), 603533-CN(掌阅科技)","002311-CN(海大集团), 600062-CN(华润双鹤), 000528-CN(柳工), 002925-CN(盈趣科技), 603866-CN(桃李面包), 603096-CN(新经典), 603515-CN(欧普照明), 603345-CN(安井食品), 603816-CN(顾家家居)","传媒, 农林牧渔, 医药生物, 家用电器, 机械设备, 电子, 轻工制造, 食品饮料",-0.35,9,3.5882414316371287
2018-06-30,2018-07-31,10,7,7,002311-CN|603707-CN|002925-CN|603866-CN|603096-CN|603515-CN|603345-CN,000338-CN|603605-CN|600810-CN|002727-CN|600900-CN|002690-CN|000963-CN,"002311-CN(海大集团), 603707-CN(健友股份), 002925-CN(盈趣科技), 603866-CN(桃李面包), 603096-CN(新经典), 603515-CN(欧普照明), 603345-CN(安井食品)","000338-CN(潍柴动力), 603605-CN(珀莱雅), 600810-CN(神马股份), 002727-CN(一心堂), 600900-CN(长江电力), 002690-CN(美亚光电), 000963-CN(华东医药)","公用事业, 医药生物, 基础化工, 机械设备, 汽车, 美容护理",0.34,7,3.600441452504695
2018-07-31,2018-08-31,10,7,7,000338-CN|600062-CN|600810-CN|002727-CN|600900-CN|603816-CN|000963-CN,603345-CN|300012-CN|603043-CN|300357-CN|603096-CN|300661-CN|603690-CN,"000338-CN(潍柴动力), 600062-CN(华润双鹤), 600810-CN(神马股份), 002727-CN(一心堂), 600900-CN(长江电力), 603816-CN(顾家家居), 000963-CN(华东医药)","603345-CN(安井食品), 300012-CN(华测检测), 603043-CN(广州酒家), 300357-CN(我武生物), 603096-CN(新经典), 300661-CN(圣邦股份), 603690-CN(至纯科技)","传媒, 医药生物, 电子, 社会服务, 食品饮料",-5.61,7,3.3984566870191815
2018-08-31,2018-09-30,10,7,7,603345-CN|300012-CN|002690-CN|603043-CN|300357-CN|603096-CN|300661-CN,600009-CN|600810-CN|600763-CN|603568-CN|603638-CN|603228-CN|300602-CN,"603345-CN(安井食品), 300012-CN(华测检测), 002690-CN(美亚光电), 603043-CN(广州酒家), 300357-CN(我武生物), 603096-CN(新经典), 300661-CN(圣邦股份)","600009-CN(上海机场), 600810-CN(神马股份), 600763-CN(通策医疗), 603568-CN(伟明环保), 603638-CN(艾迪精密), 603228-CN(景旺电子), 300602-CN(飞荣达)","交通运输, 医药生物, 基础化工, 机械设备, 环保, 电子",-0.12,7,3.3943785389947587
2018-09-30,2018-10-31,10,9,9,000528-CN|600810-CN|600763-CN|603568-CN|603605-CN|603690-CN|603638-CN|603228-CN|300602-CN,601857-CN|000656-CN|002203-CN|300146-CN|600801-CN|603393-CN|601229-CN|002463-CN|600872-CN,"000528-CN(柳工), 600810-CN(神马股份), 600763-CN(通策医疗), 603568-CN(伟明环保), 603605-CN(珀莱雅), 603690-CN(至纯科技), 603638-CN(艾迪精密), 603228-CN(景旺电子), 300602-CN(飞荣达)","601857-CN(中国石油), 000656-CN(金科股份), 002203-CN(海亮股份), 300146-CN(汤臣倍健), 600801-CN(华新水泥), 603393-CN(新天然气), 601229-CN(上海银行), 002463-CN(沪电股份), 600872-CN(中炬高新)","公用事业, 建筑材料, 房地产, 有色金属, 电子, 石油石化, 银行, 食品饮料",1.23,9,3.4361293950243943
2018-10-31,2018-11-30,10,5,5,002203-CN|600009-CN|300146-CN|600801-CN|600872-CN,600123-CN|601166-CN|002353-CN|603259-CN|002506-CN,"002203-CN(海亮股份), 600009-CN(上海机场), 300146-CN(汤臣倍健), 600801-CN(华新水泥), 600872-CN(中炬高新)","600123-CN(兰花科创), 601166-CN(兴业银行), 002353-CN(杰瑞股份), 603259-CN(药明康德), 002506-CN(协鑫集成)","医药生物, 机械设备, 煤炭, 电力设备, 银行",-0.75,5,3.4103584245617116
2018-11-30,2019-01-31,10,7,7,601857-CN|600123-CN|002353-CN|603259-CN|002506-CN|603393-CN|601229-CN,002266-CN|000902-CN|002299-CN|300747-CN|603826-CN|600000-CN|002493-CN,"601857-CN(中国石油), 600123-CN(兰花科创), 002353-CN(杰瑞股份), 603259-CN(药明康德), 002506-CN(协鑫集成), 603393-CN(新天然气), 601229-CN(上海银行)","002266-CN(浙富控股), 000902-CN(新洋丰), 002299-CN(圣农发展), 300747-CN(锐科激光), 603826-CN(坤彩科技), 600000-CN(浦发银行), 002493-CN(荣盛石化)","农林牧渔, 基础化工, 机械设备, 环保, 石油石化, 银行",0.8,7,3.4376412919582053
2019-01-31,2019-02-28,10,9,9,000656-CN|000902-CN|601166-CN|002299-CN|002463-CN|300747-CN|603826-CN|600000-CN|002493-CN,600073-CN|600776-CN|603338-CN|002733-CN|600448-CN|002557-CN|300012-CN|000719-CN|002414-CN,"000656-CN(金科股份), 000902-CN(新洋丰), 601166-CN(兴业银行), 002299-CN(圣农发展), 002463-CN(沪电股份), 300747-CN(锐科激光), 603826-CN(坤彩科技), 600000-CN(浦发银行), 002493-CN(荣盛石化)","600073-CN(上海梅林), 600776-CN(东方通信), 603338-CN(浙江鼎力), 002733-CN(雄韬股份), 600448-CN(华纺股份), 002557-CN(洽洽食品), 300012-CN(华测检测), 000719-CN(中原传媒), 002414-CN(高德红外)","传媒, 国防军工, 机械设备, 电力设备, 社会服务, 纺织服饰, 通信, 食品饮料",11.9,9,3.8467206057012318
2019-02-28,2019-03-31,10,6,6,002266-CN|600776-CN|603338-CN|002557-CN|300012-CN|002414-CN,002064-CN|000429-CN|002250-CN|300322-CN|603826-CN|600432-CN,"002266-CN(浙富控股), 600776-CN(东方通信), 603338-CN(浙江鼎力), 002557-CN(洽洽食品), 300012-CN(华测检测), 002414-CN(高德红外)","002064-CN(华峰化学), 000429-CN(粤高速A), 002250-CN(联化科技), 300322-CN(硕贝德), 603826-CN(坤彩科技), 600432-CN(退市吉恩)","?, 交通运输, 基础化工, 电子",5.46,6,4.056751550772519
2019-03-31,2019-04-30,10,8,8,002064-CN|000429-CN|600073-CN|002250-CN|300322-CN|600448-CN|600432-CN|002733-CN,000726-CN|600097-CN|000902-CN|603360-CN|600615-CN|603990-CN|603186-CN|601177-CN,"002064-CN(华峰化学), 000429-CN(粤高速A), 600073-CN(上海梅林), 002250-CN(联化科技), 300322-CN(硕贝德), 600448-CN(华纺股份), 600432-CN(退市吉恩), 002733-CN(雄韬股份)","000726-CN(鲁泰A), 600097-CN(开创国际), 000902-CN(新洋丰), 603360-CN(百傲化学), 600615-CN(丰华股份), 603990-CN(麦迪科技), 603186-CN(华正新材), 601177-CN(杭齿前进)","农林牧渔, 基础化工, 有色金属, 机械设备, 电子, 纺织服饰, 计算机",-0.51,8,4.03606211786358
2019-04-30,2019-05-31,10,7,7,600097-CN|000902-CN|000719-CN|600615-CN|603826-CN|603186-CN|601177-CN,000708-CN|002064-CN|600073-CN|600387-CN|600378-CN|600448-CN|600644-CN,"600097-CN(开创国际), 000902-CN(新洋丰), 000719-CN(中原传媒), 600615-CN(丰华股份), 603826-CN(坤彩科技), 603186-CN(华正新材), 601177-CN(杭齿前进)","000708-CN(中信特钢), 002064-CN(华峰化学), 600073-CN(上海梅林), 600387-CN(ST海越), 600378-CN(昊华科技), 600448-CN(华纺股份), 600644-CN(乐山电力)","?, 公用事业, 基础化工, 纺织服饰, 钢铁, 食品饮料",-1.3,7,3.983593310331353
2019-05-31,2019-06-30,10,9,9,000708-CN|002064-CN|000726-CN|603360-CN|600387-CN|600378-CN|600448-CN|603990-CN|600644-CN,600009-CN|600887-CN|002905-CN|002945-CN|603519-CN|600900-CN|603708-CN|600432-CN|600794-CN,"000708-CN(中信特钢), 002064-CN(华峰化学), 000726-CN(鲁泰A), 603360-CN(百傲化学), 600387-CN(ST海越), 600378-CN(昊华科技), 600448-CN(华纺股份), 603990-CN(麦迪科技), 600644-CN(乐山电力)","600009-CN(上海机场), 600887-CN(伊利股份), 002905-CN(金逸影视), 002945-CN(华林证券), 603519-CN(立霸股份), 600900-CN(长江电力), 603708-CN(家家悦), 600432-CN(退市吉恩), 600794-CN(保税科技)","?, 交通运输, 传媒, 公用事业, 商贸零售, 家用电器, 非银金融, 食品饮料",0.0,9,3.983593310331353
2019-06-30,2019-07-31,10,9,9,600009-CN|600887-CN|600073-CN|002905-CN|002945-CN|603519-CN|600900-CN|600432-CN|600794-CN,601318-CN|002311-CN|600313-CN|600980-CN|600371-CN|300759-CN|600592-CN|603789-CN|600206-CN,"600009-CN(上海机场), 600887-CN(伊利股份), 600073-CN(上海梅林), 002905-CN(金逸影视), 002945-CN(华林证券), 603519-CN(立霸股份), 600900-CN(长江电力), 600432-CN(退市吉恩), 600794-CN(保税科技)","601318-CN(中国平安), 002311-CN(海大集团), 600313-CN(农发种业), 600980-CN(北矿科技), 600371-CN(万向德农), 300759-CN(康龙化成), 600592-CN(龙溪股份), 603789-CN(星光农机), 600206-CN(有研新材)","农林牧渔, 医药生物, 机械设备, 电子, 非银金融",7.16,9,4.268818591351078
2019-07-31,2019-08-31,10,10,10,601318-CN|002311-CN|600313-CN|600980-CN|600371-CN|300759-CN|600592-CN|603789-CN|603708-CN|600206-CN,601601-CN|000672-CN|002869-CN|603012-CN|603027-CN|603360-CN|002690-CN|603638-CN|603233-CN|300357-CN,"601318-CN(中国平安), 002311-CN(海大集团), 600313-CN(农发种业), 600980-CN(北矿科技), 600371-CN(万向德农), 300759-CN(康龙化成), 600592-CN(龙溪股份), 603789-CN(星光农机), 603708-CN(家家悦), 600206-CN(有研新材)","601601-CN(中国太保), 000672-CN(上峰水泥), 002869-CN(金溢科技), 603012-CN(创力集团), 603027-CN(千禾味业), 603360-CN(百傲化学), 002690-CN(美亚光电), 603638-CN(艾迪精密), 603233-CN(大参林), 300357-CN(我武生物)","医药生物, 基础化工, 建筑材料, 机械设备, 计算机, 非银金融, 食品饮料",-1.92,10,4.186857274397137
2019-08-31,2019-09-30,10,8,8,000672-CN|002869-CN|603012-CN|603027-CN|603360-CN|002690-CN|603638-CN|300357-CN,002250-CN|000902-CN|300773-CN|600591-CN|000089-CN|300759-CN|600270-CN|601318-CN,"000672-CN(上峰水泥), 002869-CN(金溢科技), 603012-CN(创力集团), 603027-CN(千禾味业), 603360-CN(百傲化学), 002690-CN(美亚光电), 603638-CN(艾迪精密), 300357-CN(我武生物)","002250-CN(联化科技), 000902-CN(新洋丰), 300773-CN(拉卡拉), 600591-CN(?), 000089-CN(深圳机场), 300759-CN(康龙化成), 600270-CN(外运发展), 601318-CN(中国平安)","?, 交通运输, 医药生物, 基础化工, 非银金融",0.04,8,4.188532017306896
2019-09-30,2019-10-31,10,8,8,000902-CN|601601-CN|300773-CN|603233-CN|600591-CN|000089-CN|600270-CN|601318-CN,000708-CN|600900-CN|002801-CN|002552-CN|000601-CN|002869-CN|002311-CN|603605-CN,"000902-CN(新洋丰), 601601-CN(中国太保), 300773-CN(拉卡拉), 603233-CN(大参林), 600591-CN(?), 000089-CN(深圳机场), 600270-CN(外运发展), 601318-CN(中国平安)","000708-CN(中信特钢), 600900-CN(长江电力), 002801-CN(微光股份), 002552-CN(宝鼎科技), 000601-CN(韶能股份), 002869-CN(金溢科技), 002311-CN(海大集团), 603605-CN(珀莱雅)","公用事业, 农林牧渔, 机械设备, 电力设备, 美容护理, 计算机, 钢铁",8.57,8,4.547489211190097
2019-10-31,2019-11-30,10,8,8,000708-CN|600900-CN|002801-CN|002552-CN|002869-CN|300759-CN|002311-CN|603605-CN,600000-CN|000672-CN|000403-CN|002785-CN|600004-CN|600270-CN|002901-CN|603811-CN,"000708-CN(中信特钢), 600900-CN(长江电力), 002801-CN(微光股份), 002552-CN(宝鼎科技), 002869-CN(金溢科技), 300759-CN(康龙化成), 002311-CN(海大集团), 603605-CN(珀莱雅)","600000-CN(浦发银行), 000672-CN(上峰水泥), 000403-CN(派林生物), 002785-CN(万里石), 600004-CN(白云机场), 600270-CN(外运发展), 002901-CN(大博医疗), 603811-CN(诚意药业)","?, 交通运输, 医药生物, 建筑材料, 银行",-1.06,8,4.499285825551482
2019-11-30,2019-12-31,10,6,6,600000-CN|000403-CN|000601-CN|600004-CN|600270-CN|603811-CN,601236-CN|603008-CN|603022-CN|300468-CN|603345-CN|603520-CN,"600000-CN(浦发银行), 000403-CN(派林生物), 000601-CN(韶能股份), 600004-CN(白云机场), 600270-CN(外运发展), 603811-CN(诚意药业)","601236-CN(红塔证券), 603008-CN(喜临门), 603022-CN(新通联), 300468-CN(四方精创), 603345-CN(安井食品), 603520-CN(司太立)","医药生物, 计算机, 轻工制造, 非银金融, 食品饮料",18.69,6,5.340202346347054
2019-12-31,2020-02-29,10,10,10,002250-CN|000672-CN|002901-CN|002785-CN|601236-CN|603008-CN|603022-CN|300468-CN|603345-CN|603520-CN,002064-CN|002959-CN|603983-CN|600505-CN|603069-CN|600186-CN|002552-CN|603638-CN|603031-CN|000651-CN,"002250-CN(联化科技), 000672-CN(上峰水泥), 002901-CN(大博医疗), 002785-CN(万里石), 601236-CN(红塔证券), 603008-CN(喜临门), 603022-CN(新通联), 300468-CN(四方精创), 603345-CN(安井食品), 603520-CN(司太立)","002064-CN(华峰化学), 002959-CN(小熊电器), 603983-CN(丸美股份), 600505-CN(西昌电力), 603069-CN(海汽集团), 600186-CN(莲花健康), 002552-CN(宝鼎科技), 603638-CN(艾迪精密), 603031-CN(安孚科技), 000651-CN(格力电器)","交通运输, 公用事业, 基础化工, 家用电器, 机械设备, 电力设备, 美容护理, 食品饮料",-8.06,10,4.909782037231481
2020-02-29,2020-03-31,10,9,9,002064-CN|002959-CN|600505-CN|603069-CN|600186-CN|002552-CN|603638-CN|603031-CN|000651-CN,000672-CN|603078-CN|603826-CN|600723-CN|002920-CN|603596-CN|000400-CN|600513-CN|600677-CN,"002064-CN(华峰化学), 002959-CN(小熊电器), 600505-CN(西昌电力), 603069-CN(海汽集团), 600186-CN(莲花健康), 002552-CN(宝鼎科技), 603638-CN(艾迪精密), 603031-CN(安孚科技), 000651-CN(格力电器)","000672-CN(上峰水泥), 603078-CN(江化微), 603826-CN(坤彩科技), 600723-CN(首商股份), 002920-CN(德赛西威), 603596-CN(伯特利), 000400-CN(许继电气), 600513-CN(联环药业), 600677-CN(*ST航通)","?, 医药生物, 基础化工, 建筑材料, 汽车, 电力设备, 电子, 计算机",6.17,9,5.212715588928663
2020-03-31,2020-04-30,10,10,10,000672-CN|603078-CN|603826-CN|603983-CN|600723-CN|002920-CN|603596-CN|000400-CN|600513-CN|600677-CN,002846-CN|603726-CN|002432-CN|300607-CN|002816-CN|603031-CN|600496-CN|600203-CN|603990-CN|603416-CN,"000672-CN(上峰水泥), 603078-CN(江化微), 603826-CN(坤彩科技), 603983-CN(丸美股份), 600723-CN(首商股份), 002920-CN(德赛西威), 603596-CN(伯特利), 000400-CN(许继电气), 600513-CN(联环药业), 600677-CN(*ST航通)","002846-CN(英联股份), 603726-CN(朗迪集团), 002432-CN(九安医疗), 300607-CN(拓斯达), 002816-CN(和科达), 603031-CN(安孚科技), 600496-CN(精工钢构), 600203-CN(福日电子), 603990-CN(麦迪科技), 603416-CN(信捷电气)","医药生物, 家用电器, 建筑装饰, 机械设备, 电力设备, 电子, 计算机, 轻工制造",0.0,10,5.212715588928663
2020-04-30,2020-05-31,10,9,9,002846-CN|603726-CN|002432-CN|002816-CN|603031-CN|600496-CN|600203-CN|603990-CN|603416-CN,600242-CN|603613-CN|002967-CN|603713-CN|603890-CN|603016-CN|603111-CN|000513-CN|603669-CN,"002846-CN(英联股份), 603726-CN(朗迪集团), 002432-CN(九安医疗), 002816-CN(和科达), 603031-CN(安孚科技), 600496-CN(精工钢构), 600203-CN(福日电子), 603990-CN(麦迪科技), 603416-CN(信捷电气)","600242-CN(*ST中昌), 603613-CN(国联股份), 002967-CN(广电计量), 603713-CN(密尔克卫), 603890-CN(春秋电子), 603016-CN(新宏泰), 603111-CN(康尼机电), 000513-CN(丽珠集团), 603669-CN(灵康药业)","?, 交通运输, 医药生物, 商贸零售, 机械设备, 电力设备, 电子, 社会服务",0.13,9,5.219492119194271
2020-05-31,2020-06-30,10,8,8,603613-CN|603713-CN|603890-CN|603016-CN|603111-CN|000513-CN|603669-CN|300607-CN,000061-CN|603916-CN|603533-CN|603879-CN|600359-CN|600861-CN|603238-CN|603020-CN,"603613-CN(国联股份), 603713-CN(密尔克卫), 603890-CN(春秋电子), 603016-CN(新宏泰), 603111-CN(康尼机电), 000513-CN(丽珠集团), 603669-CN(灵康药业), 300607-CN(拓斯达)","000061-CN(农产品), 603916-CN(苏博特), 603533-CN(掌阅科技), 603879-CN(永悦科技), 600359-CN(新农开发), 600861-CN(北京城乡), 603238-CN(诺邦股份), 603020-CN(爱普股份)","传媒, 农林牧渔, 商贸零售, 基础化工, 社会服务, 纺织服饰",-1.59,8,5.136502194499082
2020-06-30,2020-07-31,10,8,8,000061-CN|002967-CN|603533-CN|603879-CN|600359-CN|600861-CN|603238-CN|603020-CN,603890-CN|002778-CN|002816-CN|600240-CN|300576-CN|002918-CN|002208-CN|603330-CN,"000061-CN(农产品), 002967-CN(广电计量), 603533-CN(掌阅科技), 603879-CN(永悦科技), 600359-CN(新农开发), 600861-CN(北京城乡), 603238-CN(诺邦股份), 603020-CN(爱普股份)","603890-CN(春秋电子), 002778-CN(中晟高科), 002816-CN(和科达), 600240-CN(退市华业), 300576-CN(容大感光), 002918-CN(蒙娜丽莎), 002208-CN(合肥城建), 603330-CN(上海天洋)","?, 基础化工, 房地产, 机械设备, 环保, 电子, 轻工制造",0.0,8,5.136502194499082
2020-07-31,2020-08-31,10,8,8,603890-CN|603916-CN|002778-CN|002816-CN|600242-CN|600240-CN|300576-CN|002918-CN,002932-CN|603488-CN|603239-CN|603809-CN|600371-CN|600594-CN|600336-CN|603991-CN,"603890-CN(春秋电子), 603916-CN(苏博特), 002778-CN(中晟高科), 002816-CN(和科达), 600242-CN(*ST中昌), 600240-CN(退市华业), 300576-CN(容大感光), 002918-CN(蒙娜丽莎)","002932-CN(明德生物), 603488-CN(展鹏科技), 603239-CN(浙江仙通), 603809-CN(豪能股份), 600371-CN(万向德农), 600594-CN(益佰制药), 600336-CN(澳柯玛), 603991-CN(至正股份)","农林牧渔, 医药生物, 家用电器, 机械设备, 汽车, 电子",0.0,8,5.136502194499082
2020-08-31,2020-09-30,10,8,8,002932-CN|603488-CN|603809-CN|600371-CN|002208-CN|600594-CN|600336-CN|603991-CN,002890-CN|002829-CN|603733-CN|603909-CN|002975-CN|002967-CN|603758-CN|603639-CN,"002932-CN(明德生物), 603488-CN(展鹏科技), 603809-CN(豪能股份), 600371-CN(万向德农), 002208-CN(合肥城建), 600594-CN(益佰制药), 600336-CN(澳柯玛), 603991-CN(至正股份)","002890-CN(弘宇股份), 002829-CN(星网宇达), 603733-CN(仙鹤股份), 603909-CN(建发合诚), 002975-CN(博杰股份), 002967-CN(广电计量), 603758-CN(秦安股份), 603639-CN(海利尔)","国防军工, 基础化工, 建筑装饰, 机械设备, 汽车, 社会服务, 轻工制造",0.0,8,5.136502194499082
2020-09-30,2020-10-31,10,10,10,002890-CN|002829-CN|603733-CN|603909-CN|603239-CN|002975-CN|603330-CN|002967-CN|603758-CN|603639-CN,000301-CN|688106-CN|603665-CN|002982-CN|002487-CN|002987-CN|603809-CN|002863-CN|600841-CN|601968-CN,"002890-CN(弘宇股份), 002829-CN(星网宇达), 603733-CN(仙鹤股份), 603909-CN(建发合诚), 603239-CN(浙江仙通), 002975-CN(博杰股份), 603330-CN(上海天洋), 002967-CN(广电计量), 603758-CN(秦安股份), 603639-CN(海利尔)","000301-CN(东方盛虹), 688106-CN(金宏气体), 603665-CN(康隆达), 002982-CN(湘佳股份), 002487-CN(大金重工), 002987-CN(京北方), 603809-CN(豪能股份), 002863-CN(今飞凯达), 600841-CN(动力新科), 601968-CN(宝钢包装)","农林牧渔, 汽车, 电力设备, 电子, 石油石化, 纺织服饰, 计算机, 轻工制造",0.07,10,5.140097746035231
2020-10-31,2020-11-30,10,8,8,000301-CN|688106-CN|002982-CN|002987-CN|603809-CN|002863-CN|600841-CN|601968-CN,000581-CN|002003-CN|000983-CN|002979-CN|603380-CN|300008-CN|002833-CN|600731-CN,"000301-CN(东方盛虹), 688106-CN(金宏气体), 002982-CN(湘佳股份), 002987-CN(京北方), 603809-CN(豪能股份), 002863-CN(今飞凯达), 600841-CN(动力新科), 601968-CN(宝钢包装)","000581-CN(威孚高科), 002003-CN(伟星股份), 000983-CN(山西焦煤), 002979-CN(雷赛智能), 603380-CN(易德龙), 300008-CN(天海防务), 002833-CN(弘亚数控), 600731-CN(湖南海利)","国防军工, 基础化工, 机械设备, 汽车, 煤炭, 电子, 纺织服饰",3.03,8,5.295842707740098
2020-11-30,2020-12-31,10,9,9,000581-CN|000983-CN|002979-CN|603380-CN|002487-CN|300008-CN|002833-CN|603665-CN|600731-CN,000552-CN|600025-CN|600081-CN|601318-CN|600573-CN|603100-CN|603655-CN|603348-CN|600189-CN,"000581-CN(威孚高科), 000983-CN(山西焦煤), 002979-CN(雷赛智能), 603380-CN(易德龙), 002487-CN(大金重工), 300008-CN(天海防务), 002833-CN(弘亚数控), 603665-CN(康隆达), 600731-CN(湖南海利)","000552-CN(靖远煤电), 600025-CN(华能水电), 600081-CN(东风科技), 601318-CN(中国平安), 600573-CN(惠泉啤酒), 603100-CN(川仪股份), 603655-CN(朗博科技), 603348-CN(文灿股份), 600189-CN(泉阳泉)","公用事业, 机械设备, 汽车, 煤炭, 非银金融, 食品饮料",3.28,9,5.469546348553973
2020-12-31,2021-01-31,10,7,7,002003-CN|600025-CN|601318-CN|603100-CN|603655-CN|603348-CN|600189-CN,600006-CN|600098-CN|300855-CN|600817-CN|600333-CN|600253-CN|603970-CN,"002003-CN(伟星股份), 600025-CN(华能水电), 601318-CN(中国平安), 603100-CN(川仪股份), 603655-CN(朗博科技), 603348-CN(文灿股份), 600189-CN(泉阳泉)","600006-CN(东风汽车), 600098-CN(广州发展), 300855-CN(图南股份), 600817-CN(宇通重工), 600333-CN(长春燃气), 600253-CN(?), 603970-CN(中农立华)","?, 公用事业, 基础化工, 有色金属, 汽车, 环保",-1.77,7,5.372735378184567
2021-01-31,2021-02-28,10,9,9,000552-CN|600006-CN|600098-CN|300855-CN|600573-CN|600817-CN|600333-CN|600253-CN|603970-CN,600025-CN|002751-CN|605081-CN|002801-CN|600238-CN|603187-CN|002880-CN|601311-CN|603195-CN,"000552-CN(靖远煤电), 600006-CN(东风汽车), 600098-CN(广州发展), 300855-CN(图南股份), 600573-CN(惠泉啤酒), 600817-CN(宇通重工), 600333-CN(长春燃气), 600253-CN(?), 603970-CN(中农立华)","600025-CN(华能水电), 002751-CN(*ST易尚), 605081-CN(太和水), 002801-CN(微光股份), 600238-CN(海南椰岛), 603187-CN(海容冷链), 002880-CN(卫光生物), 601311-CN(骆驼股份), 603195-CN(公牛集团)","?, 公用事业, 医药生物, 机械设备, 环保, 电力设备, 轻工制造, 食品饮料",-1.05,9,5.3163216567136296
2021-02-28,2021-03-31,10,9,9,600081-CN|002751-CN|605081-CN|002801-CN|600238-CN|603187-CN|002880-CN|601311-CN|603195-CN,600068-CN|603915-CN|600408-CN|002254-CN|603008-CN|600997-CN|600586-CN|603313-CN|603392-CN,"600081-CN(东风科技), 002751-CN(*ST易尚), 605081-CN(太和水), 002801-CN(微光股份), 600238-CN(海南椰岛), 603187-CN(海容冷链), 002880-CN(卫光生物), 601311-CN(骆驼股份), 603195-CN(公牛集团)","600068-CN(葛洲坝), 603915-CN(国茂股份), 600408-CN(安泰集团), 002254-CN(泰和新材), 603008-CN(喜临门), 600997-CN(开滦股份), 600586-CN(金晶科技), 603313-CN(梦百合), 603392-CN(万泰生物)","?, 医药生物, 基础化工, 建筑材料, 机械设备, 煤炭, 轻工制造",0.28,9,5.331207357352428
2021-03-31,2021-04-30,10,9,9,600025-CN|603915-CN|600408-CN|002254-CN|603008-CN|600997-CN|600586-CN|603313-CN|603392-CN,600900-CN|000825-CN|000528-CN|600000-CN|601166-CN|600253-CN|600212-CN|600747-CN|600773-CN,"600025-CN(华能水电), 603915-CN(国茂股份), 600408-CN(安泰集团), 002254-CN(泰和新材), 603008-CN(喜临门), 600997-CN(开滦股份), 600586-CN(金晶科技), 603313-CN(梦百合), 603392-CN(万泰生物)","600900-CN(长江电力), 000825-CN(太钢不锈), 000528-CN(柳工), 600000-CN(浦发银行), 601166-CN(兴业银行), 600253-CN(?), 600212-CN(绿能慧充), 600747-CN(退市大控), 600773-CN(西藏城投)","?, 公用事业, 房地产, 机械设备, 电力设备, 钢铁, 银行",8.59,9,5.789158069349002
2021-04-30,2021-05-31,10,8,8,600068-CN|600900-CN|000825-CN|600000-CN|601166-CN|600253-CN|600212-CN|600773-CN,000709-CN|000778-CN|000932-CN|001965-CN|000420-CN|600115-CN|603991-CN|002880-CN,"600068-CN(葛洲坝), 600900-CN(长江电力), 000825-CN(太钢不锈), 600000-CN(浦发银行), 601166-CN(兴业银行), 600253-CN(?), 600212-CN(绿能慧充), 600773-CN(西藏城投)","000709-CN(河钢股份), 000778-CN(新兴铸管), 000932-CN(华菱钢铁), 001965-CN(招商公路), 000420-CN(吉林化纤), 600115-CN(中国东航), 603991-CN(至正股份), 002880-CN(卫光生物)","交通运输, 医药生物, 基础化工, 电子, 钢铁",-2.25,8,5.65890201278865
2021-05-31,2021-06-30,10,8,8,000528-CN|000709-CN|000778-CN|000932-CN|001965-CN|600115-CN|600747-CN|002880-CN,600103-CN|600123-CN|603297-CN|603518-CN|603100-CN|300005-CN|600744-CN|603177-CN,"000528-CN(柳工), 000709-CN(河钢股份), 000778-CN(新兴铸管), 000932-CN(华菱钢铁), 001965-CN(招商公路), 600115-CN(中国东航), 600747-CN(退市大控), 002880-CN(卫光生物)","600103-CN(青山纸业), 600123-CN(兰花科创), 603297-CN(永新光学), 603518-CN(锦泓集团), 603100-CN(川仪股份), 300005-CN(探路者), 600744-CN(华银电力), 603177-CN(德创环保)","公用事业, 机械设备, 煤炭, 环保, 电子, 纺织服饰, 轻工制造",6.65,8,6.035218996639095
2021-06-30,2021-07-31,10,8,8,600103-CN|600123-CN|603518-CN|603100-CN|300005-CN|600744-CN|603177-CN|603991-CN,600916-CN|603779-CN|201872-CN|600698-CN|600691-CN|600509-CN|603901-CN|002426-CN,"600103-CN(青山纸业), 600123-CN(兰花科创), 603518-CN(锦泓集团), 603100-CN(川仪股份), 300005-CN(探路者), 600744-CN(华银电力), 603177-CN(德创环保), 603991-CN(至正股份)","600916-CN(中国黄金), 603779-CN(威龙股份), 201872-CN(招港B), 600698-CN(湖南天雁), 600691-CN(阳煤化工), 600509-CN(天富能源), 603901-CN(永创智能), 002426-CN(胜利精密)","?, 公用事业, 基础化工, 机械设备, 汽车, 电子, 纺织服饰, 食品饮料",-1.63,8,5.936844926993878
2021-07-31,2021-08-31,10,8,8,000420-CN|600916-CN|603297-CN|600698-CN|600691-CN|600509-CN|603901-CN|002426-CN,603909-CN|300409-CN|600354-CN|600727-CN|600293-CN|688299-CN|002824-CN|603717-CN,"000420-CN(吉林化纤), 600916-CN(中国黄金), 603297-CN(永新光学), 600698-CN(湖南天雁), 600691-CN(阳煤化工), 600509-CN(天富能源), 603901-CN(永创智能), 002426-CN(胜利精密)","603909-CN(建发合诚), 300409-CN(道氏技术), 600354-CN(敦煌种业), 600727-CN(鲁北化工), 600293-CN(三峡新材), 688299-CN(长阳科技), 002824-CN(和胜股份), 603717-CN(天域生态)","农林牧渔, 基础化工, 建筑材料, 建筑装饰, 有色金属, 电力设备, 电子",0.0,8,5.936844926993878
2021-08-31,2021-09-30,10,7,7,300409-CN|600354-CN|201872-CN|600727-CN|600293-CN|002824-CN|603717-CN,601011-CN|002753-CN|603217-CN|600714-CN|600888-CN|601188-CN|603050-CN,"300409-CN(道氏技术), 600354-CN(敦煌种业), 201872-CN(招港B), 600727-CN(鲁北化工), 600293-CN(三峡新材), 002824-CN(和胜股份), 603717-CN(天域生态)","601011-CN(宝泰隆), 002753-CN(永东股份), 603217-CN(元利科技), 600714-CN(金瑞矿业), 600888-CN(新疆众和), 601188-CN(龙江交通), 603050-CN(科林电气)","交通运输, 基础化工, 有色金属, 煤炭, 电力设备",0.0,7,5.936844926993878
2021-09-30,2021-10-31,10,7,7,603909-CN|603779-CN|603217-CN|600714-CN|600888-CN|603050-CN|688299-CN,600248-CN|600558-CN|600956-CN|603099-CN|201872-CN|600490-CN|600787-CN,"603909-CN(建发合诚), 603779-CN(威龙股份), 603217-CN(元利科技), 600714-CN(金瑞矿业), 600888-CN(新疆众和), 603050-CN(科林电气), 688299-CN(长阳科技)","600248-CN(陕西建工), 600558-CN(大西洋), 600956-CN(新天绿能), 603099-CN(长白山), 201872-CN(招港B), 600490-CN(鹏欣资源), 600787-CN(中储股份)","?, 交通运输, 公用事业, 建筑装饰, 有色金属, 机械设备, 社会服务",0.0,7,5.936844926993878
2021-10-31,2021-11-30,10,9,9,600248-CN|601011-CN|002753-CN|601188-CN|600558-CN|603099-CN|201872-CN|600490-CN|600787-CN,601126-CN|603088-CN|600240-CN|600485-CN|603558-CN|600816-CN|002785-CN|603050-CN|002701-CN,"600248-CN(陕西建工), 601011-CN(宝泰隆), 002753-CN(永东股份), 601188-CN(龙江交通), 600558-CN(大西洋), 603099-CN(长白山), 201872-CN(招港B), 600490-CN(鹏欣资源), 600787-CN(中储股份)","601126-CN(四方股份), 603088-CN(宁波精达), 600240-CN(退市华业), 600485-CN(*ST信威), 603558-CN(健盛集团), 600816-CN(ST安信), 002785-CN(万里石), 603050-CN(科林电气), 002701-CN(奥瑞金)","?, 建筑材料, 机械设备, 电力设备, 纺织服饰, 轻工制造, 非银金融",0.0,9,5.936844926993878
2021-11-30,2021-12-31,10,7,7,601126-CN|603088-CN|600956-CN|600816-CN|002785-CN|603050-CN|002701-CN,600823-CN|600850-CN|603618-CN|601158-CN|002722-CN|600784-CN|603707-CN,"601126-CN(四方股份), 603088-CN(宁波精达), 600956-CN(新天绿能), 600816-CN(ST安信), 002785-CN(万里石), 603050-CN(科林电气), 002701-CN(奥瑞金)","600823-CN(世茂股份), 600850-CN(电科数字), 603618-CN(杭电股份), 601158-CN(重庆水务), 002722-CN(物产金轮), 600784-CN(鲁银投资), 603707-CN(健友股份)","?, 医药生物, 基础化工, 机械设备, 环保, 电力设备, 计算机",13.56,7,6.741881099094248
2021-12-31,2022-02-28,10,9,9,600485-CN|600240-CN|600823-CN|603558-CN|600850-CN|603618-CN|002722-CN|600784-CN|603707-CN,000719-CN|603605-CN|000598-CN|601801-CN|600400-CN|002557-CN|002273-CN|002758-CN|600967-CN,"600485-CN(*ST信威), 600240-CN(退市华业), 600823-CN(世茂股份), 603558-CN(健盛集团), 600850-CN(电科数字), 603618-CN(杭电股份), 002722-CN(物产金轮), 600784-CN(鲁银投资), 603707-CN(健友股份)","000719-CN(中原传媒), 603605-CN(珀莱雅), 000598-CN(兴蓉环境), 601801-CN(皖新传媒), 600400-CN(红豆股份), 002557-CN(洽洽食品), 002273-CN(水晶光电), 002758-CN(浙农股份), 600967-CN(内蒙一机)","传媒, 国防军工, 基础化工, 环保, 电子, 纺织服饰, 美容护理, 食品饮料",-2.32,9,6.585469457595261
2022-02-28,2022-03-31,10,10,10,000719-CN|603605-CN|000598-CN|601801-CN|600400-CN|002557-CN|002273-CN|601158-CN|002758-CN|600967-CN,600706-CN|600716-CN|603199-CN|600790-CN|603477-CN|603316-CN|600857-CN|600248-CN|600575-CN|600749-CN,"000719-CN(中原传媒), 603605-CN(珀莱雅), 000598-CN(兴蓉环境), 601801-CN(皖新传媒), 600400-CN(红豆股份), 002557-CN(洽洽食品), 002273-CN(水晶光电), 601158-CN(重庆水务), 002758-CN(浙农股份), 600967-CN(内蒙一机)","600706-CN(曲江文旅), 600716-CN(凤凰股份), 603199-CN(九华旅游), 600790-CN(轻纺城), 603477-CN(巨星农牧), 603316-CN(诚邦股份), 600857-CN(宁波中百), 600248-CN(陕西建工), 600575-CN(淮河能源), 600749-CN(西藏旅游)","农林牧渔, 商贸零售, 建筑装饰, 房地产, 煤炭, 社会服务",0.0,10,6.585469457595261
2022-03-31,2022-04-30,10,4,4,603477-CN|603316-CN|600248-CN|600575-CN,600190-CN|600692-CN|603969-CN|600814-CN,"603477-CN(巨星农牧), 603316-CN(诚邦股份), 600248-CN(陕西建工), 600575-CN(淮河能源)","600190-CN(锦州港), 600692-CN(亚通股份), 603969-CN(银龙股份), 600814-CN(杭州解百)","?, 商贸零售, 房地产, 机械设备",0.0,4,6.585469457595261
2022-04-30,2022-05-31,10,7,7,600706-CN|600749-CN|603199-CN|600190-CN|600692-CN|603969-CN|600814-CN,002932-CN|603136-CN|600838-CN|601128-CN|600533-CN|600665-CN|002603-CN,"600706-CN(曲江文旅), 600749-CN(西藏旅游), 603199-CN(九华旅游), 600190-CN(锦州港), 600692-CN(亚通股份), 603969-CN(银龙股份), 600814-CN(杭州解百)","002932-CN(明德生物), 603136-CN(天目湖), 600838-CN(上海九百), 601128-CN(常熟银行), 600533-CN(栖霞建设), 600665-CN(天地源), 002603-CN(以岭药业)","医药生物, 商贸零售, 房地产, 社会服务, 银行",0.0,7,6.585469457595261
2022-05-31,2022-06-30,10,8,8,002932-CN|601128-CN|600533-CN|600665-CN|600716-CN|002603-CN|600857-CN|600790-CN,600284-CN|600657-CN|603332-CN|601838-CN|601009-CN|603357-CN|601872-CN|601368-CN,"002932-CN(明德生物), 601128-CN(常熟银行), 600533-CN(栖霞建设), 600665-CN(天地源), 600716-CN(凤凰股份), 002603-CN(以岭药业), 600857-CN(宁波中百), 600790-CN(轻纺城)","600284-CN(浦东建设), 600657-CN(信达地产), 603332-CN(苏州龙杰), 601838-CN(成都银行), 601009-CN(南京银行), 603357-CN(设计总院), 601872-CN(招商轮船), 601368-CN(绿城水务)","交通运输, 基础化工, 建筑装饰, 房地产, 环保, 银行",0.0,8,6.585469457595261
2022-06-30,2022-07-31,10,5,5,600838-CN|600657-CN|601009-CN|603357-CN|601368-CN,603078-CN|600086-CN|600780-CN|600820-CN|601228-CN,"600838-CN(上海九百), 600657-CN(信达地产), 601009-CN(南京银行), 603357-CN(设计总院), 601368-CN(绿城水务)","603078-CN(江化微), 600086-CN(退市金钰), 600780-CN(通宝能源), 600820-CN(隧道股份), 601228-CN(广州港)","?, 交通运输, 公用事业, 建筑装饰, 电子",0.0,5,6.585469457595261
2022-07-31,2022-08-31,10,8,8,603332-CN|603078-CN|603136-CN|601838-CN|600086-CN|600820-CN|601228-CN|600284-CN,603758-CN|002807-CN|603676-CN|603085-CN|603586-CN|300938-CN|601231-CN|688218-CN,"603332-CN(苏州龙杰), 603078-CN(江化微), 603136-CN(天目湖), 601838-CN(成都银行), 600086-CN(退市金钰), 600820-CN(隧道股份), 601228-CN(广州港), 600284-CN(浦东建设)","603758-CN(秦安股份), 002807-CN(江阴银行), 603676-CN(卫信康), 603085-CN(天成自控), 603586-CN(金麒麟), 300938-CN(信测标准), 601231-CN(环旭电子), 688218-CN(江苏北人)","医药生物, 机械设备, 汽车, 电子, 社会服务, 银行",0.0,8,6.585469457595261
2022-08-31,2022-09-30,10,7,7,603758-CN|002807-CN|603676-CN|601872-CN|603586-CN|300938-CN|688218-CN,603566-CN|002768-CN|002698-CN|603757-CN|603577-CN|600794-CN|600617-CN,"603758-CN(秦安股份), 002807-CN(江阴银行), 603676-CN(卫信康), 601872-CN(招商轮船), 603586-CN(金麒麟), 300938-CN(信测标准), 688218-CN(江苏北人)","603566-CN(普莱柯), 002768-CN(国恩股份), 002698-CN(博实股份), 603757-CN(大元泵业), 603577-CN(汇金通), 600794-CN(保税科技), 600617-CN(国新能源)","交通运输, 公用事业, 农林牧渔, 基础化工, 机械设备, 电力设备",15.49,7,7.605558676576767
2022-09-30,2022-10-31,10,7,7,601231-CN|603566-CN|603757-CN|600780-CN|603577-CN|600617-CN|603085-CN,002891-CN|688085-CN|603878-CN|600485-CN|603086-CN|605151-CN|603035-CN,"601231-CN(环旭电子), 603566-CN(普莱柯), 603757-CN(大元泵业), 600780-CN(通宝能源), 603577-CN(汇金通), 600617-CN(国新能源), 603085-CN(天成自控)","002891-CN(中宠股份), 688085-CN(三友医疗), 603878-CN(武进不锈), 600485-CN(*ST信威), 603086-CN(先达股份), 605151-CN(西上海), 603035-CN(常熟汽饰)","?, 农林牧渔, 医药生物, 基础化工, 汽车, 钢铁",0.0,7,7.605558676576767
2022-10-31,2022-11-30,10,6,6,002891-CN|002698-CN|605151-CN|600794-CN|603035-CN|002768-CN,002737-CN|002831-CN|600685-CN|002987-CN|002966-CN|603726-CN,"002891-CN(中宠股份), 002698-CN(博实股份), 605151-CN(西上海), 600794-CN(保税科技), 603035-CN(常熟汽饰), 002768-CN(国恩股份)","002737-CN(葵花药业), 002831-CN(裕同科技), 600685-CN(中船防务), 002987-CN(京北方), 002966-CN(苏州银行), 603726-CN(朗迪集团)","医药生物, 国防军工, 家用电器, 计算机, 轻工制造, 银行",0.0,6,7.605558676576767
2022-11-30,2022-12-31,10,5,5,688085-CN|600485-CN|002737-CN|603086-CN|603726-CN,603021-CN|002849-CN|002846-CN|600713-CN|603609-CN,"688085-CN(三友医疗), 600485-CN(*ST信威), 002737-CN(葵花药业), 603086-CN(先达股份), 603726-CN(朗迪集团)","603021-CN(山东华鹏), 002849-CN(威星智能), 002846-CN(英联股份), 600713-CN(南京医药), 603609-CN(禾丰股份)","农林牧渔, 医药生物, 机械设备, 轻工制造",0.0,5,7.605558676576767
2022-12-31,2023-01-31,10,7,7,603021-CN|002966-CN|002987-CN|002831-CN|600713-CN|603609-CN|600685-CN,600790-CN|002348-CN|002875-CN|600421-CN|600785-CN|688156-CN|600846-CN,"603021-CN(山东华鹏), 002966-CN(苏州银行), 002987-CN(京北方), 002831-CN(裕同科技), 600713-CN(南京医药), 603609-CN(禾丰股份), 600685-CN(中船防务)","600790-CN(轻纺城), 002348-CN(高乐股份), 002875-CN(安奈儿), 600421-CN(华嵘控股), 600785-CN(新华百货), 688156-CN(路德环境), 600846-CN(同济科技)","农林牧渔, 商贸零售, 建筑装饰, 机械设备, 纺织服饰, 轻工制造",0.0,7,7.605558676576767
2023-01-31,2023-02-28,10,7,7,002348-CN|002875-CN|002846-CN|603878-CN|600421-CN|688156-CN|600846-CN,300693-CN|603979-CN|600936-CN|688226-CN|603580-CN|600901-CN|600962-CN,"002348-CN(高乐股份), 002875-CN(安奈儿), 002846-CN(英联股份), 603878-CN(武进不锈), 600421-CN(华嵘控股), 688156-CN(路德环境), 600846-CN(同济科技)","300693-CN(盛弘股份), 603979-CN(金诚信), 600936-CN(广西广电), 688226-CN(威腾电气), 603580-CN(艾艾精工), 600901-CN(江苏租赁), 600962-CN(国投中鲁)","传媒, 农林牧渔, 基础化工, 有色金属, 电力设备, 非银金融",0.0,7,7.605558676576767
2023-02-28,2023-03-31,10,10,10,300693-CN|603979-CN|600936-CN|688226-CN|600785-CN|603580-CN|600901-CN|002849-CN|600962-CN|600790-CN,601965-CN|603823-CN|601008-CN|600933-CN|002668-CN|600419-CN|600968-CN|603090-CN|002653-CN|002917-CN,"300693-CN(盛弘股份), 603979-CN(金诚信), 600936-CN(广西广电), 688226-CN(威腾电气), 600785-CN(新华百货), 603580-CN(艾艾精工), 600901-CN(江苏租赁), 002849-CN(威星智能), 600962-CN(国投中鲁), 600790-CN(轻纺城)","601965-CN(中国汽研), 603823-CN(百合花), 601008-CN(连云港), 600933-CN(爱柯迪), 002668-CN(ST奥马), 600419-CN(天润乳业), 600968-CN(海油发展), 603090-CN(宏盛股份), 002653-CN(海思科), 002917-CN(金奥博)","交通运输, 医药生物, 基础化工, 家用电器, 机械设备, 汽车, 石油石化, 食品饮料",20.66,10,9.176867099157526
2023-03-31,2023-04-30,10,10,10,601965-CN|603823-CN|601008-CN|600933-CN|002668-CN|600419-CN|600968-CN|603090-CN|002653-CN|002917-CN,600634-CN|600891-CN|001965-CN|603889-CN|600757-CN|000156-CN|601939-CN|601339-CN|601857-CN|601928-CN,"601965-CN(中国汽研), 603823-CN(百合花), 601008-CN(连云港), 600933-CN(爱柯迪), 002668-CN(ST奥马), 600419-CN(天润乳业), 600968-CN(海油发展), 603090-CN(宏盛股份), 002653-CN(海思科), 002917-CN(金奥博)","600634-CN(退市富控), 600891-CN(退市秋林), 001965-CN(招商公路), 603889-CN(新澳股份), 600757-CN(长江传媒), 000156-CN(华数传媒), 601939-CN(建设银行), 601339-CN(百隆东方), 601857-CN(中国石油), 601928-CN(凤凰传媒)","?, 交通运输, 传媒, 石油石化, 纺织服饰, 银行",1.44,10,9.309013985385395
2023-04-30,2023-05-31,10,7,7,001965-CN|600757-CN|000156-CN|601939-CN|601339-CN|601857-CN|601928-CN,600629-CN|600651-CN|600248-CN|600897-CN|600277-CN|600425-CN|600023-CN,"001965-CN(招商公路), 600757-CN(长江传媒), 000156-CN(华数传媒), 601939-CN(建设银行), 601339-CN(百隆东方), 601857-CN(中国石油), 601928-CN(凤凰传媒)","600629-CN(华建集团), 600651-CN(飞乐音响), 600248-CN(陕西建工), 600897-CN(厦门空港), 600277-CN(亿利洁能), 600425-CN(青松建化), 600023-CN(浙能电力)","?, 交通运输, 公用事业, 建筑材料, 建筑装饰, 汽车",0.0,7,9.309013985385395
2023-05-31,2023-06-30,10,5,5,600891-CN|600651-CN|600248-CN|600277-CN|600023-CN,600488-CN|600846-CN|001965-CN|600558-CN|600685-CN,"600891-CN(退市秋林), 600651-CN(飞乐音响), 600248-CN(陕西建工), 600277-CN(亿利洁能), 600023-CN(浙能电力)","600488-CN(天药股份), 600846-CN(同济科技), 001965-CN(招商公路), 600558-CN(大西洋), 600685-CN(中船防务)","交通运输, 医药生物, 国防军工, 建筑装饰, 机械设备",15.34,5,10.737016730743514
2023-06-30,2023-07-31,10,8,8,600629-CN|600425-CN|600488-CN|600846-CN|603889-CN|600634-CN|600685-CN|600897-CN,603680-CN|000528-CN|600677-CN|600758-CN|601398-CN|002170-CN|600886-CN|300811-CN,"600629-CN(华建集团), 600425-CN(青松建化), 600488-CN(天药股份), 600846-CN(同济科技), 603889-CN(新澳股份), 600634-CN(退市富控), 600685-CN(中船防务), 600897-CN(厦门空港)","603680-CN(今创集团), 000528-CN(柳工), 600677-CN(*ST航通), 600758-CN(辽宁能源), 601398-CN(工商银行), 002170-CN(芭田股份), 600886-CN(国投电力), 300811-CN(铂科新材)","?, 公用事业, 基础化工, 有色金属, 机械设备, 煤炭, 银行",-1.21,8,10.607098828301519
2023-07-31,2023-08-31,10,8,8,001965-CN|603680-CN|600558-CN|600758-CN|601398-CN|002170-CN|600886-CN|300811-CN,002976-CN|603277-CN|603856-CN|002893-CN|600133-CN|600747-CN|600186-CN|601086-CN,"001965-CN(招商公路), 603680-CN(今创集团), 600558-CN(大西洋), 600758-CN(辽宁能源), 601398-CN(工商银行), 002170-CN(芭田股份), 600886-CN(国投电力), 300811-CN(铂科新材)","002976-CN(瑞玛精密), 603277-CN(银都股份), 603856-CN(东宏股份), 002893-CN(华通热力), 600133-CN(东湖高新), 600747-CN(退市大控), 600186-CN(莲花健康), 601086-CN(国芳集团)","?, 公用事业, 商贸零售, 建筑材料, 机械设备, 汽车, 环保, 食品饮料",0.24,8,10.632555865489442
2023-08-31,2023-09-30,10,7,7,002976-CN|600677-CN|603277-CN|603856-CN|000528-CN|002893-CN|600133-CN,600601-CN|603817-CN|600675-CN|600575-CN|603889-CN|001965-CN|002698-CN,"002976-CN(瑞玛精密), 600677-CN(*ST航通), 603277-CN(银都股份), 603856-CN(东宏股份), 000528-CN(柳工), 002893-CN(华通热力), 600133-CN(东湖高新)","600601-CN(*ST方科), 603817-CN(海峡环保), 600675-CN(中华企业), 600575-CN(淮河能源), 603889-CN(新澳股份), 001965-CN(招商公路), 002698-CN(博实股份)","交通运输, 房地产, 机械设备, 煤炭, 环保, 电子, 纺织服饰",0.0,7,10.632555865489442
2023-09-30,2023-10-31,10,9,9,600601-CN|603817-CN|601086-CN|600675-CN|600747-CN|600186-CN|603889-CN|001965-CN|002698-CN,600891-CN|600890-CN|600540-CN|600189-CN|600630-CN|603080-CN|603168-CN|603949-CN|601188-CN,"600601-CN(*ST方科), 603817-CN(海峡环保), 601086-CN(国芳集团), 600675-CN(中华企业), 600747-CN(退市大控), 600186-CN(莲花健康), 603889-CN(新澳股份), 001965-CN(招商公路), 002698-CN(博实股份)","600891-CN(退市秋林), 600890-CN(退市中房), 600540-CN(新赛股份), 600189-CN(泉阳泉), 600630-CN(龙头股份), 603080-CN(新疆火炬), 603168-CN(莎普爱思), 603949-CN(雪龙集团), 601188-CN(龙江交通)","?, 交通运输, 公用事业, 农林牧渔, 医药生物, 汽车, 纺织服饰, 食品饮料",0.0,9,10.632555865489442
2023-10-31,2023-11-30,10,4,4,600540-CN|600575-CN|603949-CN|601188-CN,601077-CN|603616-CN|603266-CN|603788-CN,"600540-CN(新赛股份), 600575-CN(淮河能源), 603949-CN(雪龙集团), 601188-CN(龙江交通)","601077-CN(渝农商行), 603616-CN(韩建河山), 603266-CN(天龙股份), 603788-CN(宁波高发)","建筑材料, 汽车, 银行",0.0,4,10.632555865489442
2023-11-30,2023-12-31,10,7,7,600891-CN|600890-CN|603168-CN|601077-CN|603616-CN|603266-CN|603788-CN,603726-CN|603332-CN|600178-CN|603221-CN|603926-CN|600265-CN|600792-CN,"600891-CN(退市秋林), 600890-CN(退市中房), 603168-CN(莎普爱思), 601077-CN(渝农商行), 603616-CN(韩建河山), 603266-CN(天龙股份), 603788-CN(宁波高发)","603726-CN(朗迪集团), 603332-CN(苏州龙杰), 600178-CN(东安动力), 603221-CN(爱丽家居), 603926-CN(铁流股份), 600265-CN(ST景谷), 600792-CN(云煤能源)","农林牧渔, 基础化工, 家用电器, 汽车, 煤炭, 轻工制造",0.0,7,10.632555865489442
2023-12-31,2024-01-31,10,7,7,603726-CN|600630-CN|600178-CN|603080-CN|603221-CN|603926-CN|600792-CN,600777-CN|600615-CN|603536-CN|603266-CN|603168-CN|688513-CN|603558-CN,"603726-CN(朗迪集团), 600630-CN(龙头股份), 600178-CN(东安动力), 603080-CN(新疆火炬), 603221-CN(爱丽家居), 603926-CN(铁流股份), 600792-CN(云煤能源)","600777-CN(新潮能源), 600615-CN(丰华股份), 603536-CN(惠发食品), 603266-CN(天龙股份), 603168-CN(莎普爱思), 688513-CN(苑东生物), 603558-CN(健盛集团)","医药生物, 有色金属, 汽车, 石油石化, 纺织服饰, 食品饮料",0.0,7,10.632555865489442
2024-01-31,2024-02-29,10,9,9,603332-CN|600615-CN|603536-CN|603266-CN|600189-CN|603168-CN|600265-CN|688513-CN|603558-CN,603221-CN|601077-CN|600747-CN|600844-CN|600795-CN|600178-CN|601939-CN|603167-CN|601398-CN,"603332-CN(苏州龙杰), 600615-CN(丰华股份), 603536-CN(惠发食品), 603266-CN(天龙股份), 600189-CN(泉阳泉), 603168-CN(莎普爱思), 600265-CN(ST景谷), 688513-CN(苑东生物), 603558-CN(健盛集团)","603221-CN(爱丽家居), 601077-CN(渝农商行), 600747-CN(退市大控), 600844-CN(丹化科技), 600795-CN(国电电力), 600178-CN(东安动力), 601939-CN(建设银行), 603167-CN(渤海轮渡), 601398-CN(工商银行)","?, 交通运输, 公用事业, 基础化工, 汽车, 轻工制造, 银行",0.0,9,10.632555865489442
2024-02-29,2024-03-31,10,9,9,603221-CN|600777-CN|601077-CN|600844-CN|600795-CN|600178-CN|601939-CN|603167-CN|601398-CN,601916-CN|601006-CN|600630-CN|201872-CN|601500-CN|601169-CN|601229-CN|601107-CN|601058-CN,"603221-CN(爱丽家居), 600777-CN(新潮能源), 601077-CN(渝农商行), 600844-CN(丹化科技), 600795-CN(国电电力), 600178-CN(东安动力), 601939-CN(建设银行), 603167-CN(渤海轮渡), 601398-CN(工商银行)","601916-CN(浙商银行), 601006-CN(大秦铁路), 600630-CN(龙头股份), 201872-CN(招港B), 601500-CN(通用股份), 601169-CN(北京银行), 601229-CN(上海银行), 601107-CN(四川成渝), 601058-CN(赛轮轮胎)","?, 交通运输, 汽车, 纺织服饰, 银行",0.0,9,10.632555865489442
2024-03-31,2024-04-30,10,8,8,601916-CN|601006-CN|600630-CN|201872-CN|601169-CN|601229-CN|601107-CN|601058-CN,603996-CN|603499-CN|600737-CN|600961-CN|688253-CN|601600-CN|603558-CN|600652-CN,"601916-CN(浙商银行), 601006-CN(大秦铁路), 600630-CN(龙头股份), 201872-CN(招港B), 601169-CN(北京银行), 601229-CN(上海银行), 601107-CN(四川成渝), 601058-CN(赛轮轮胎)","603996-CN(退市中新), 603499-CN(翔港科技), 600737-CN(中粮糖业), 600961-CN(株冶集团), 688253-CN(英诺特), 601600-CN(中国铝业), 603558-CN(健盛集团), 600652-CN(退市游久)","?, 农林牧渔, 医药生物, 有色金属, 纺织服饰, 轻工制造",0.0,8,10.632555865489442
2024-04-30,2024-05-31,10,6,6,601500-CN|603499-CN|600737-CN|688253-CN|601600-CN|600652-CN,600428-CN|002984-CN|600926-CN|605098-CN|603977-CN|201872-CN,"601500-CN(通用股份), 603499-CN(翔港科技), 600737-CN(中粮糖业), 688253-CN(英诺特), 601600-CN(中国铝业), 600652-CN(退市游久)","600428-CN(中远海特), 002984-CN(森麒麟), 600926-CN(杭州银行), 605098-CN(行动教育), 603977-CN(国泰集团), 201872-CN(招港B)","?, 交通运输, 基础化工, 汽车, 社会服务, 银行",14.9,6,12.216806689447369
2024-05-31,2024-06-30,10,8,8,600747-CN|603558-CN|002984-CN|600961-CN|600926-CN|605098-CN|603977-CN|201872-CN,603299-CN|600875-CN|601577-CN|600908-CN|600485-CN|600755-CN|000429-CN|600487-CN,"600747-CN(退市大控), 603558-CN(健盛集团), 002984-CN(森麒麟), 600961-CN(株冶集团), 600926-CN(杭州银行), 605098-CN(行动教育), 603977-CN(国泰集团), 201872-CN(招港B)","603299-CN(苏盐井神), 600875-CN(东方电气), 601577-CN(长沙银行), 600908-CN(无锡银行), 600485-CN(*ST信威), 600755-CN(厦门国贸), 000429-CN(粤高速A), 600487-CN(亨通光电)","?, 交通运输, 基础化工, 电力设备, 通信, 银行",0.23,8,12.244905344833096
2024-06-30,2024-07-31,10,7,7,600428-CN|603299-CN|603996-CN|601577-CN|600908-CN|600755-CN|000429-CN,601117-CN|603228-CN|601611-CN|601816-CN|600803-CN|603606-CN|600247-CN,"600428-CN(中远海特), 603299-CN(苏盐井神), 603996-CN(退市中新), 601577-CN(长沙银行), 600908-CN(无锡银行), 600755-CN(厦门国贸), 000429-CN(粤高速A)","601117-CN(中国化学), 603228-CN(景旺电子), 601611-CN(中国核建), 601816-CN(京沪高铁), 600803-CN(新奥股份), 603606-CN(东方电缆), 600247-CN(*ST成城)","?, 交通运输, 公用事业, 建筑装饰, 电力设备, 电子",0.0,7,12.244905344833096
2024-07-31,2024-08-31,10,6,6,601117-CN|600875-CN|601611-CN|601816-CN|600803-CN|600247-CN,601258-CN|600611-CN|600962-CN|601989-CN|600686-CN|002371-CN,"601117-CN(中国化学), 600875-CN(东方电气), 601611-CN(中国核建), 601816-CN(京沪高铁), 600803-CN(新奥股份), 600247-CN(*ST成城)","601258-CN(庞大集团), 600611-CN(大众交通), 600962-CN(国投中鲁), 601989-CN(中国重工), 600686-CN(金龙汽车), 002371-CN(北方华创)","?, 交通运输, 农林牧渔, 汽车, 电子",0.0,6,12.244905344833096
2024-08-31,2024-09-30,10,7,7,600611-CN|600485-CN|600487-CN|601989-CN|603228-CN|603606-CN|002371-CN,600830-CN|600420-CN|600216-CN|601231-CN|001872-CN|601766-CN|601326-CN,"600611-CN(大众交通), 600485-CN(*ST信威), 600487-CN(亨通光电), 601989-CN(中国重工), 603228-CN(景旺电子), 603606-CN(东方电缆), 002371-CN(北方华创)","600830-CN(香溢融通), 600420-CN(国药现代), 600216-CN(浙江医药), 601231-CN(环旭电子), 001872-CN(招商港口), 601766-CN(中国中车), 601326-CN(秦港股份)","交通运输, 医药生物, 机械设备, 电子, 非银金融",1.35,7,12.410211566988345
2024-09-30,2024-10-31,10,7,7,600686-CN|600962-CN|600420-CN|601231-CN|001872-CN|601766-CN|601326-CN,600611-CN|603299-CN|601211-CN|601989-CN|603392-CN|688041-CN|600757-CN,"600686-CN(金龙汽车), 600962-CN(国投中鲁), 600420-CN(国药现代), 601231-CN(环旭电子), 001872-CN(招商港口), 601766-CN(中国中车), 601326-CN(秦港股份)","600611-CN(大众交通), 603299-CN(苏盐井神), 601211-CN(国泰君安), 601989-CN(中国重工), 603392-CN(万泰生物), 688041-CN(海光信息), 600757-CN(长江传媒)","?, 交通运输, 传媒, 医药生物, 基础化工, 电子, 非银金融",0.0,7,12.410211566988345
2024-10-31,2024-11-30,10,5,5,600611-CN|601211-CN|603392-CN|688041-CN|600757-CN,600962-CN|600599-CN|300322-CN|600463-CN|603920-CN,"600611-CN(大众交通), 601211-CN(国泰君安), 603392-CN(万泰生物), 688041-CN(海光信息), 600757-CN(长江传媒)","600962-CN(国投中鲁), 600599-CN(ST熊猫), 300322-CN(硕贝德), 600463-CN(空港股份), 603920-CN(世运电路)","农林牧渔, 房地产, 电子, 非银金融",0.0,5,12.410211566988345
2024-11-30,2024-12-31,10,8,8,600830-CN|600962-CN|603299-CN|601258-CN|601989-CN|600463-CN|603920-CN|600216-CN,600712-CN|002611-CN|002701-CN|600708-CN|600652-CN|603095-CN|002787-CN|600692-CN,"600830-CN(香溢融通), 600962-CN(国投中鲁), 603299-CN(苏盐井神), 601258-CN(庞大集团), 601989-CN(中国重工), 600463-CN(空港股份), 603920-CN(世运电路), 600216-CN(浙江医药)","600712-CN(南宁百货), 002611-CN(东方精工), 002701-CN(奥瑞金), 600708-CN(光明地产), 600652-CN(退市游久), 603095-CN(越剑智能), 002787-CN(华源控股), 600692-CN(亚通股份)","?, 商贸零售, 房地产, 机械设备, 轻工制造",0.0,8,12.410211566988345
2024-12-31,2025-02-28,10,8,8,600712-CN|002611-CN|600708-CN|600599-CN|300322-CN|600652-CN|002787-CN|600692-CN,601258-CN|002911-CN|603390-CN|300811-CN|600824-CN|600743-CN|601086-CN|603101-CN,"600712-CN(南宁百货), 002611-CN(东方精工), 600708-CN(光明地产), 600599-CN(ST熊猫), 300322-CN(硕贝德), 600652-CN(退市游久), 002787-CN(华源控股), 600692-CN(亚通股份)","601258-CN(庞大集团), 002911-CN(佛燃能源), 603390-CN(通达电气), 300811-CN(铂科新材), 600824-CN(益民集团), 600743-CN(华远地产), 601086-CN(国芳集团), 603101-CN(汇嘉时代)","?, 公用事业, 商贸零售, 房地产, 有色金属, 汽车",26.05,8,15.643071680188807
2025-02-28,2025-03-31,10,9,9,002701-CN|002911-CN|603390-CN|300811-CN|603095-CN|600824-CN|600743-CN|601086-CN|603101-CN,600275-CN|603119-CN|002740-CN|688665-CN|603315-CN|300910-CN|603067-CN|603629-CN|605118-CN,"002701-CN(奥瑞金), 002911-CN(佛燃能源), 603390-CN(通达电气), 300811-CN(铂科新材), 603095-CN(越剑智能), 600824-CN(益民集团), 600743-CN(华远地产), 601086-CN(国芳集团), 603101-CN(汇嘉时代)","600275-CN(退市昌鱼), 603119-CN(浙江荣泰), 002740-CN(ST爱迪尔), 688665-CN(四方光电), 603315-CN(福鞍股份), 300910-CN(瑞丰新材), 603067-CN(振华股份), 603629-CN(利通电子), 605118-CN(力鼎光电)","?, 基础化工, 机械设备, 汽车, 环保, 电子, 计算机",9.04,9,17.057205360077877
2025-03-31,2025-04-30,10,4,4,600275-CN|688665-CN|601258-CN|603629-CN,603355-CN|600781-CN|603158-CN|605066-CN,"600275-CN(退市昌鱼), 688665-CN(四方光电), 601258-CN(庞大集团), 603629-CN(利通电子)","603355-CN(莱克电气), 600781-CN(*ST辅仁), 603158-CN(腾龙股份), 605066-CN(天正电气)","?, 家用电器, 汽车, 电力设备",-12.07,4,14.998400673116477
2025-04-30,2025-05-31,10,9,9,603315-CN|603355-CN|603067-CN|605118-CN|603119-CN|603158-CN|300910-CN|605066-CN|002740-CN,601258-CN|603967-CN|601187-CN|603815-CN|002956-CN|600300-CN|002461-CN|301109-CN|002948-CN,"603315-CN(福鞍股份), 603355-CN(莱克电气), 603067-CN(振华股份), 605118-CN(力鼎光电), 603119-CN(浙江荣泰), 603158-CN(腾龙股份), 300910-CN(瑞丰新材), 605066-CN(天正电气), 002740-CN(ST爱迪尔)","601258-CN(庞大集团), 603967-CN(中创物流), 601187-CN(厦门银行), 603815-CN(交建股份), 002956-CN(西麦食品), 600300-CN(维维股份), 002461-CN(珠江啤酒), 301109-CN(军信股份), 002948-CN(青岛银行)","?, 交通运输, 建筑装饰, 环保, 银行, 食品饮料",6.46,9,15.9672973565998
2025-05-31,2025-06-30,10,6,6,603967-CN|600781-CN|603815-CN|600300-CN|002461-CN|002948-CN,002958-CN|601991-CN|600535-CN|601330-CN|600573-CN|300910-CN,"603967-CN(中创物流), 600781-CN(*ST辅仁), 603815-CN(交建股份), 600300-CN(维维股份), 002461-CN(珠江啤酒), 002948-CN(青岛银行)","002958-CN(青农商行), 601991-CN(大唐发电), 600535-CN(天士力), 601330-CN(绿色动力), 600573-CN(惠泉啤酒), 300910-CN(瑞丰新材)","公用事业, 医药生物, 基础化工, 环保, 银行, 食品饮料",4.05,6,16.61397289954209
2025-06-30,2025-07-31,10,9,9,601258-CN|002958-CN|002956-CN|601991-CN|601187-CN|600535-CN|301109-CN|600573-CN|300910-CN,002942-CN|002701-CN|603500-CN|688269-CN|002966-CN|603706-CN|603829-CN|002890-CN|603869-CN,"601258-CN(庞大集团), 002958-CN(青农商行), 002956-CN(西麦食品), 601991-CN(大唐发电), 601187-CN(厦门银行), 600535-CN(天士力), 301109-CN(军信股份), 600573-CN(惠泉啤酒), 300910-CN(瑞丰新材)","002942-CN(新农股份), 002701-CN(奥瑞金), 603500-CN(祥和实业), 688269-CN(凯立新材), 002966-CN(苏州银行), 603706-CN(东方环宇), 603829-CN(洛凯股份), 002890-CN(弘宇股份), 603869-CN(新智认知)","公用事业, 基础化工, 机械设备, 电力设备, 计算机, 轻工制造, 银行",0.72,9,16.733593504418796
2025-07-31,2025-08-31,10,9,9,002701-CN|601330-CN|603500-CN|688269-CN|002966-CN|603706-CN|603829-CN|002890-CN|603869-CN,000671-CN|603603-CN|603797-CN|600068-CN|002817-CN|688285-CN|688150-CN|600802-CN|600731-CN,"002701-CN(奥瑞金), 601330-CN(绿色动力), 603500-CN(祥和实业), 688269-CN(凯立新材), 002966-CN(苏州银行), 603706-CN(东方环宇), 603829-CN(洛凯股份), 002890-CN(弘宇股份), 603869-CN(新智认知)","000671-CN(阳光城), 603603-CN(*ST博天), 603797-CN(联泰环保), 600068-CN(葛洲坝), 002817-CN(黄山胶囊), 688285-CN(高铁电气), 688150-CN(莱特光电), 600802-CN(福建水泥), 600731-CN(湖南海利)","?, 医药生物, 基础化工, 建筑材料, 机械设备, 环保, 电子",6.14,9,17.761036145590108
2025-08-31,2025-09-30,10,9,9,000671-CN|603603-CN|603797-CN|600068-CN|002817-CN|688285-CN|688150-CN|600802-CN|600731-CN,600240-CN|600247-CN|600242-CN|603080-CN|605138-CN|688173-CN|002890-CN|688269-CN|603500-CN,"000671-CN(阳光城), 603603-CN(*ST博天), 603797-CN(联泰环保), 600068-CN(葛洲坝), 002817-CN(黄山胶囊), 688285-CN(高铁电气), 688150-CN(莱特光电), 600802-CN(福建水泥), 600731-CN(湖南海利)","600240-CN(退市华业), 600247-CN(*ST成城), 600242-CN(*ST中昌), 603080-CN(新疆火炬), 605138-CN(盛泰集团), 688173-CN(希荻微), 002890-CN(弘宇股份), 688269-CN(凯立新材), 603500-CN(祥和实业)","?, 公用事业, 基础化工, 机械设备, 电子, 纺织服饰",-1.12,9,17.5621125407595
2025-09-30,2025-10-31,10,5,5,605138-CN|002890-CN|002942-CN|688269-CN|603500-CN,603217-CN|603937-CN|603203-CN|603687-CN|605155-CN,"605138-CN(盛泰集团), 002890-CN(弘宇股份), 002942-CN(新农股份), 688269-CN(凯立新材), 603500-CN(祥和实业)","603217-CN(元利科技), 603937-CN(丽岛新材), 603203-CN(快克股份), 603687-CN(大胜达), 605155-CN(西大门)","基础化工, 有色金属, 机械设备, 轻工制造",7.23,5,18.831853277456414
2025-10-31,2025-11-30,10,10,10,600242-CN|600247-CN|600240-CN|603217-CN|603937-CN|603080-CN|688173-CN|603203-CN|603687-CN|605155-CN,600086-CN|601258-CN|600068-CN|688334-CN|603817-CN|603861-CN|603909-CN|600382-CN|600526-CN|601388-CN,"600242-CN(*ST中昌), 600247-CN(*ST成城), 600240-CN(退市华业), 603217-CN(元利科技), 603937-CN(丽岛新材), 603080-CN(新疆火炬), 688173-CN(希荻微), 603203-CN(快克股份), 603687-CN(大胜达), 605155-CN(西大门)","600086-CN(退市金钰), 601258-CN(庞大集团), 600068-CN(葛洲坝), 688334-CN(?), 603817-CN(海峡环保), 603861-CN(白云电器), 603909-CN(建发合诚), 600382-CN(ST广珠), 600526-CN(菲达环保), 601388-CN(怡球资源)","?, 建筑装饰, 有色金属, 环保, 电力设备, 社会服务, 钢铁",12.01,10,21.093558856078932
2025-11-30,2025-12-31,10,6,6,600068-CN|688334-CN|603861-CN|600382-CN|600526-CN|601388-CN,603996-CN|002893-CN|600493-CN|603010-CN|603217-CN|600429-CN,"600068-CN(葛洲坝), 688334-CN(?), 603861-CN(白云电器), 600382-CN(ST广珠), 600526-CN(菲达环保), 601388-CN(怡球资源)","603996-CN(退市中新), 002893-CN(华通热力), 600493-CN(凤竹纺织), 603010-CN(万盛股份), 603217-CN(元利科技), 600429-CN(三元股份)","?, 公用事业, 基础化工, 纺织服饰, 食品饮料",2.2,6,21.55761715091267
2025-12-31,2026-01-30,10,5,5,601258-CN|002893-CN|603010-CN|603217-CN|603909-CN,603603-CN|603901-CN|000582-CN|002752-CN|002043-CN,"601258-CN(庞大集团), 002893-CN(华通热力), 603010-CN(万盛股份), 603217-CN(元利科技), 603909-CN(建发合诚)","603603-CN(*ST博天), 603901-CN(永创智能), 000582-CN(北部湾港), 002752-CN(昇兴股份), 002043-CN(兔宝宝)","?, 交通运输, 建筑材料, 机械设备, 轻工制造",5.88,5,22.825205039386333
2026-01-30,2026-02-27,10,6,6,603996-CN|600086-CN|603603-CN|600493-CN|002752-CN|600429-CN,600029-CN|002157-CN|000905-CN|002204-CN|603869-CN|605566-CN,"603996-CN(退市中新), 600086-CN(退市金钰), 603603-CN(*ST博天), 600493-CN(凤竹纺织), 002752-CN(昇兴股份), 600429-CN(三元股份)","600029-CN(南方航空), 002157-CN(正邦科技), 000905-CN(厦门港务), 002204-CN(大连重工), 603869-CN(新智认知), 605566-CN(福莱蒽特)","交通运输, 农林牧渔, 基础化工, 机械设备, 计算机",2.77,6,23.457463218977335
2026-02-27,2026-03-31,10,9,9,603817-CN|002043-CN|000582-CN|600029-CN|002157-CN|000905-CN|002204-CN|603869-CN|605566-CN,605098-CN|000902-CN|000778-CN|002170-CN|600989-CN|600938-CN|002772-CN|603132-CN|000415-CN,"603817-CN(海峡环保), 002043-CN(兔宝宝), 000582-CN(北部湾港), 600029-CN(南方航空), 002157-CN(正邦科技), 000905-CN(厦门港务), 002204-CN(大连重工), 603869-CN(新智认知), 605566-CN(福莱蒽特)","605098-CN(行动教育), 000902-CN(新洋丰), 000778-CN(新兴铸管), 002170-CN(芭田股份), 600989-CN(宝丰能源), 600938-CN(中国海油), 002772-CN(众兴菌业), 603132-CN(金徽股份), 000415-CN(渤海租赁)","农林牧渔, 基础化工, 有色金属, 石油石化, 社会服务, 钢铁, 非银金融",-1.38,9,23.133750226555446
2026-03-31,2026-04-30,10,10,10,605098-CN|000902-CN|603901-CN|000778-CN|002170-CN|600989-CN|600938-CN|002772-CN|603132-CN|000415-CN,600163-CN|000966-CN|600836-CN|600823-CN|600821-CN|600636-CN|600766-CN|600550-CN|603061-CN|002539-CN,"605098-CN(行动教育), 000902-CN(新洋丰), 603901-CN(永创智能), 000778-CN(新兴铸管), 002170-CN(芭田股份), 600989-CN(宝丰能源), 600938-CN(中国海油), 002772-CN(众兴菌业), 603132-CN(金徽股份), 000415-CN(渤海租赁)","600163-CN(中闽能源), 000966-CN(长源电力), 600836-CN(上海易连), 600823-CN(世茂股份), 600821-CN(金开新能), 600636-CN(国新文化), 600766-CN(*ST园城), 600550-CN(保变电气), 603061-CN(?), 002539-CN(云图控股)","?, 公用事业, 基础化工, 电力设备, 电子, 社会服务",-7.6,10,21.37558520933723
2026-04-30,2026-05-29,10,10,10,600163-CN|000966-CN|600836-CN|600823-CN|600821-CN|600636-CN|600766-CN|600550-CN|603061-CN|002539-CN,000697-CN|000582-CN|603003-CN|601339-CN|603124-CN|600345-CN|000539-CN|603530-CN|601016-CN|002796-CN,"600163-CN(中闽能源), 000966-CN(长源电力), 600836-CN(上海易连), 600823-CN(世茂股份), 600821-CN(金开新能), 600636-CN(国新文化), 600766-CN(*ST园城), 600550-CN(保变电气), 603061-CN(?), 002539-CN(云图控股)","000697-CN(炼石航空), 000582-CN(北部湾港), 603003-CN(龙宇燃油), 601339-CN(百隆东方), 603124-CN(?), 600345-CN(长江通信), 000539-CN(粤电力A), 603530-CN(神马电力), 601016-CN(节能风电), 002796-CN(世嘉科技)","?, 交通运输, 公用事业, 国防军工, 有色金属, 电力设备, 纺织服饰, 通信",36.68,10,29.216149864122126
2026-05-29,2026-06-30,10,10,10,000697-CN|000582-CN|603003-CN|601339-CN|603124-CN|600345-CN|000539-CN|603530-CN|601016-CN|002796-CN,688517-CN|001286-CN|688097-CN|002001-CN|600032-CN|000895-CN|201872-CN|603991-CN|688178-CN|601088-CN,"000697-CN(炼石航空), 000582-CN(北部湾港), 603003-CN(龙宇燃油), 601339-CN(百隆东方), 603124-CN(?), 600345-CN(长江通信), 000539-CN(粤电力A), 603530-CN(神马电力), 601016-CN(节能风电), 002796-CN(世嘉科技)","688517-CN(金冠电气), 001286-CN(陕西能源), 688097-CN(博众精工), 002001-CN(新和成), 600032-CN(浙江新能), 000895-CN(双汇发展), 201872-CN(招港B), 603991-CN(至正股份), 688178-CN(万德斯), 601088-CN(中国神华)","?, 公用事业, 基础化工, 机械设备, 煤炭, 环保, 电力设备, 电子, 食品饮料",0.62,10,29.39728999327968
2026-06-30,2026-07-03,10,9,9,688517-CN|001286-CN|002001-CN|600032-CN|000895-CN|201872-CN|603991-CN|688178-CN|601088-CN,000429-CN|301458-CN|688055-CN|600898-CN|600553-CN|002842-CN|003022-CN|601101-CN|603281-CN,"688517-CN(金冠电气), 001286-CN(陕西能源), 002001-CN(新和成), 600032-CN(浙江新能), 000895-CN(双汇发展), 201872-CN(招港B), 603991-CN(至正股份), 688178-CN(万德斯), 601088-CN(中国神华)","000429-CN(粤高速A), 301458-CN(?), 688055-CN(龙腾光电), 600898-CN(国美通讯), 600553-CN(?), 002842-CN(翔鹭钨业), 003022-CN(联泓新科), 601101-CN(昊华能源), 603281-CN(?)","?, 交通运输, 基础化工, 有色金属, 煤炭, 电力设备, 电子",-4.92,9,27.95094332561032
